config_id,true_a,post_mean_a,post_median_a,post_std_a,hdi_lo_a,hdi_hi_a,coverage_a,true_z,post_mean_z,post_median_z,post_std_z,hdi_lo_z,hdi_hi_z,coverage_z,true_v,post_mean_v,post_median_v,post_std_v,hdi_lo_v,hdi_hi_v,coverage_v,true_t,post_mean_t,post_median_t,post_std_t,hdi_lo_t,hdi_hi_t,coverage_t,true_sv,post_mean_sv,post_median_sv,post_std_sv,hdi_lo_sv,hdi_hi_sv,coverage_sv,true_sa,post_mean_sa,post_median_sa,post_std_sa,hdi_lo_sa,hdi_hi_sa,coverage_sa,true_st,post_mean_st,post_median_st,post_std_st,hdi_lo_st,hdi_hi_st,coverage_st,rhat_a,ess_a,rhat_z,ess_z,rhat_v,ess_v,rhat_t,ess_t,rhat_sv,ess_sv,rhat_sa,ess_sa,rhat_st,ess_st,n_divergences,n_trials,mean_rt,accuracy,elapsed_seconds
0,1.828172951585328,1.802609670185219,1.7962803300091952,0.1191419001304131,1.5805147579902226,2.0420078478341037,1,0.599142707195047,0.6064222676259485,0.6064437870547831,0.0271130754994318,0.5533769515977632,0.6594801032310172,1,-1.5558049299764285,-1.8218883662130751,-1.7994881118042536,0.312168009983509,-2.451849864769109,-1.2331144186357224,1,0.196201868661288,0.2063590094902844,0.2059224282981934,0.0159861494020713,0.1765828949823004,0.2384663400082682,1,1.9271217391329012,1.8599911396733813,1.8266513312081036,0.4131823461181582,1.10780926211765,2.703286541440753,1,1.099263996290986,0.5624899145536734,0.5284844832489424,0.3225906911601806,0.0180432400926837,1.1491107882717206,1,0.1043055293594856,0.1848208571147082,0.1843592395590928,0.0342560043924615,0.1203785883028671,0.2521274376889492,0,0.999985744186873,1264.9367195259897,1.000460736376051,1548.2079328425689,1.0004809663900371,1176.6073966567196,1.0020238644132355,3313.654911458236,1.0020373411765902,1153.9802202264032,1.000458778080284,2332.209740954332,1.0042013329889157,2246.780902709157,0,500,0.7053517896829106,0.242,1712.7704248428345
1,1.276835583260305,1.6622609583810275,1.6788415712506084,0.1606987850325653,1.3144122400025184,1.9328475000028809,0,0.5145614124332425,0.5378885650392186,0.5380310325283654,0.0174027861012003,0.5024006656386698,0.5696446023691332,1,-0.2028556319812509,-0.2737821454023832,-0.2698090102024805,0.1517968580571326,-0.5847081266365215,0.0107270192228028,1,0.3264393423956109,0.2988126629338595,0.2967225033425275,0.0119833753593509,0.2796959822283556,0.3265617894554441,1,0.1111125820991104,2.0442278912703977,2.175267096066269,0.7169504244373621,0.262611995329565,3.1948238053741957,0,0.9635055215732756,0.5566163831327985,0.5208120920405973,0.3209954180575333,0.0087171433356531,1.1192558255685183,1,0.049721122738769,0.0309201720325068,0.0265135435717082,0.0234490058127588,2.955000311689984e-06,0.0752716266453336,1,1.0047558328291382,821.535709688102,1.0013113513329055,2181.879430025299,1.0027710690868437,1989.6805001617224,1.0023006207092109,989.4645709575829,1.0040257872947989,862.5954615947514,1.0029215668404332,1630.5728709844673,1.0020018065763487,1444.977257435553,0,500,0.7760096958125848,0.472,3582.0703830718994
2,1.8049189812417532,1.941517958001849,1.931105253798377,0.1303849896712539,1.6980878530574266,2.2109211825367527,1,0.3381395232023647,0.3129851643480799,0.3128594981628967,0.0203319312892661,0.273703394109583,0.3536148650557901,1,1.6655601793517736,1.9981738565286091,1.9799505193572216,0.2757835128737197,1.4751168251506763,2.530639502381445,1,0.2102020004654197,0.2191919605592339,0.2191149286101071,0.0105502661171874,0.2001243116030811,0.2413641058938415,1,2.0546921513655807,2.503319556539024,2.4867259953236784,0.434375101130149,1.6841099442430003,3.352614229725363,1,0.8983704970835037,0.4412197810248897,0.4027716650862973,0.2720494868142677,0.0167831509214505,0.9525006137954136,1,0.0465523873063373,0.0786487513051758,0.0788489919602194,0.0265170942212775,0.0275261417247546,0.1336958164340267,1,1.0028745983596328,1422.8656319386398,1.001475070795042,1667.0663311364217,1.0031414678907198,1246.7143208565387,1.0010496595034586,2928.514806401058,1.0026368047042409,1315.893388111838,1.0039782634262926,2528.6130102274446,1.003472083925063,1290.4500293517056,0,500,0.7205688318417922,0.702,1460.9006032943726
3,1.6222523025758755,1.8522880730912392,1.8119014540801288,0.3346950228112177,1.2817324252079194,2.483455079035606,1,0.626887834401032,0.8108806847388308,0.8808387225988306,0.1417894707201819,0.5866737066310512,0.9652968648872486,1,2.9520026982319214,2.160008140862457,1.890013982517792,1.0943641449280748,0.7957862897746469,3.979476897762244,1,0.4187539492899311,0.4841116307448131,0.5030060673463288,0.0691244931004012,0.3924372476109619,0.5610203293685194,1,0.4400468948765969,0.4189320231840337,0.2984162245260935,0.3623365720053618,0.0001555313262974,1.130107888547729,1,0.097560555165349,0.4924357893403271,0.3991867083098224,0.3714725123676762,0.0042865695292122,1.2476160467248705,1,0.05727796160883,0.1487915673797098,0.176489018210736,0.1037797164442743,0.0107328549242057,0.2660274060073033,1,1.1815411383933048,15.657065450671029,1.7359274133290596,6.19461993663494,1.7347037363925797,6.178134718024154,1.7375489875822725,6.167036417782754,1.3269556973970562,9.809214504968018,1.0919307724329828,30.145582575999573,1.7372965773269935,6.137088359762108,0,500,0.6254396719185508,0.998,6030.894542217255
4,2.3078088997825668,2.323168853885781,2.306699822180017,0.2086311852750405,1.9346612771645797,2.727252382942026,1,0.4877164728630793,0.4415789000268399,0.4428430655373681,0.0548906902858351,0.3273565358486844,0.539570959690932,1,-2.1419013640848217,-2.0109670926167484,-1.9891038202206957,0.4607408162356375,-2.872558397332731,-1.1029898691242053,1,0.3975752809602083,0.4118598163806488,0.4092741187856976,0.0289624467558976,0.3599430085714269,0.4727357907822527,1,1.4082206808970867,1.2696849097119278,1.2575487514108727,0.3365620325176738,0.6195561708808475,1.921637738440569,1,0.7571143138043573,0.7830862850317168,0.7330422269480494,0.4533368656850139,0.0111012239974198,1.584803118292164,1,0.0542714796819617,0.0738919050812877,0.0722310826599876,0.0420741275334275,0.0008201402904604,0.1464288854199609,1,1.0040815455760552,987.7627690605811,1.0029284431610246,889.0131004520315,1.004389304241549,867.16005582962,1.0022862491526685,927.5028872710388,1.0042875549255246,922.0852288611916,1.0010198840771434,1653.4452740137872,1.0020019877265924,1196.0032692715663,0,500,1.0124688507193684,0.076,4418.9776611328125
5,1.5864732149315852,1.6547021574829115,1.639654588883367,0.144127749446165,1.3940537757543452,1.9505741384961477,1,0.4261279238122615,0.4569637797364316,0.4549914620475163,0.0595224327415647,0.3436639945426449,0.5751076177942663,1,3.074244466670049,2.960526309974333,2.896877999709659,0.4973822298260235,2.1158181131075184,3.8996594225399215,1,0.4478562043299096,0.4365771457717637,0.4377754800290265,0.0295503564755314,0.3767004008461627,0.4917317722216917,1,0.880708004804171,0.842762470409834,0.8119846249176117,0.3626635198829496,0.1492792029180678,1.5261615378890987,1,1.2761840627778411,0.6732789554404814,0.6566564346601438,0.3605188683434732,0.0628563181626423,1.335780127825819,1,0.126978255505588,0.1621888067506361,0.1662314121397857,0.0473234441117227,0.061077263713738,0.2501974321841053,1,1.0011606505178514,735.4938132658501,1.0015636915991326,697.4869748794241,1.0021822875293582,789.4426228439842,1.0034827489625622,767.9239638758007,1.0024804332401962,909.1008965192436,1.000397838083035,2030.15645825533,1.0031131411552372,1054.1628672442746,0,500,0.7501738638374528,0.972,3819.857922554016
6,1.9291541891792836,2.061351365577478,2.0531338311373286,0.1786868588207723,1.7152535123534118,2.4196014502822614,1,0.5777846718311193,0.5875292093652709,0.5877285432908185,0.0293834244584281,0.5286366926760716,0.64398166845978,1,-1.2397861747728975,-1.673235230393295,-1.651974233031804,0.3638367950446539,-2.42012150961905,-1.0026657462677675,1,0.2870813603917486,0.3101180906456954,0.3092153172855937,0.0220435282617566,0.2645790941609078,0.3508117234146449,1,1.3948855952255992,2.155717360075794,2.132427291112096,0.5670317809488049,1.1569923196634762,3.3808356151338623,1,1.2987180604081028,0.6879169327400093,0.6452973006615793,0.3997536602923445,0.0337666166245386,1.4276976090393518,1,0.1029259793162931,0.2340538717240589,0.233322025100483,0.0480507582690947,0.1459229883772448,0.332965184110526,0,1.0034865308733336,1124.7712459826655,1.0046779652401951,1141.294466673717,1.0069296855079417,942.5308214312709,1.0017205259750326,2640.797469988543,1.0049958199222793,1022.7190905179668,1.0011611812391217,1961.1332580810104,1.0032005709174676,1576.2158784516823,0,500,0.9027031965924722,0.264,3248.326114177704
7,2.1720822349402598,2.38313779287161,2.3857521454921566,0.1972092015424371,2.022790935148516,2.809524905176451,1,0.4812155240660704,0.4912578583605502,0.4912582789960957,0.0189445788979005,0.451889924574898,0.5259088565331385,1,0.2984414229908312,0.2716701371091896,0.2646420164392359,0.1579021408471607,-0.0197460367048203,0.6091304379407744,1,0.1663030259079758,0.1348463773665865,0.1333631321083233,0.0166344164009082,0.1009291065638647,0.1664135088161393,1,1.6870006148277958,2.3043210390238884,2.3084306359542794,0.4546448494098911,1.4329906865595006,3.1918106703767517,1,1.8763827317135475,0.777864070900152,0.7285460151943073,0.4585073866615322,0.029854415883385,1.611720358495042,0,0.0737158733654102,0.060533443428902,0.0511536180300529,0.0451484319728235,0.0001162995409228,0.1471473531151659,1,1.001213245752061,1349.6889700620827,1.0009655045492918,1949.904351531433,1.0009858149987167,2129.139514359824,0.9993385329413896,2392.077099099806,1.001544900466301,1369.8741529703038,0.9999868643733336,2319.153881451022,1.0013517737220308,1846.7956613282013,0,500,0.9233438935528206,0.534,2603.322203397751
8,1.3266575161318632,1.4654736728946385,1.457421167189404,0.1129172721902003,1.2434237384379092,1.6807761623516486,1,0.3742976088317971,0.4875212574845208,0.4890470456264485,0.0441706753914518,0.4026544998141513,0.5742311546476893,0,-1.0369235075802723,-2.3563531880867408,-2.3325078011723845,0.5306746886462841,-3.403524876362105,-1.35686228178754,0,0.4387319411516684,0.4218951765513858,0.4215313543148975,0.0152158877795352,0.3901731347752333,0.4501928244813579,1,0.7790237704167724,2.0057933772106527,1.9695820916333515,0.5292673952812973,1.005765721925019,3.022815744881471,0,1.1215926790723156,0.5162752254937293,0.4942940158187157,0.2927652018472356,0.01713883467155,1.023395455645609,0,0.1459158637606858,0.1683034766069936,0.1689624778941236,0.0252456582412954,0.1226175934859548,0.2223187552237283,1,1.0012905122491844,929.8298706355278,1.0007647233971622,1001.8828603000912,1.001263937157159,908.394807294092,1.0002720958078362,1467.733518009575,1.0009859296330113,949.6735594233356,1.0007799325556526,2105.9467924855903,1.0001468324949063,1620.3063228847273,0,500,0.7278091280464869,0.158,1653.101069688797
9,1.5959810007078594,1.592064785986981,1.5815536786279885,0.1088220083070701,1.3958900105679204,1.817649972872101,1,0.3998071504854162,0.3813654500817742,0.3815606091466639,0.0263812685410301,0.3273460895408752,0.4310208174352992,1,1.5151312774070682,1.6780942941246195,1.6503648154450412,0.2965267030622578,1.1233589194376683,2.2580745944963656,1,0.158683740343008,0.1760547760791377,0.1751018932966794,0.0159404631358665,0.1468497860632437,0.2069694534167919,1,1.2426448294155632,1.4072432602853882,1.3733685060306726,0.4506172225366142,0.5991001910241773,2.3613577585935217,1,0.6354246602014527,0.5517594590228216,0.5331646480609524,0.2936851947537134,0.0091109541830354,1.0601475856089968,1,0.0753104918472425,0.1012319718683023,0.106634449019195,0.0453919160439834,0.0055200463712715,0.1737488989055499,1,1.0028261229847872,1050.743775755909,1.0020006197013016,1042.3113998490849,1.0036459621062297,896.9791289680271,1.0008899136747564,1752.1377774662903,1.0039814804053544,868.2824935887301,1.0019137610375597,1923.4879676059627,1.0028355780099245,904.3130073982492,0,500,0.6180347021629111,0.762,2113.8286588191986
10,1.2090505139887409,1.4638113109493731,1.4633014518736946,0.1207460707111677,1.2214895603273024,1.698853412372466,0,0.5759690769625814,0.570904734395506,0.5709314162985242,0.0203993753304,0.530519136907328,0.6104914515535581,1,-0.9806142583347826,-1.186313006523137,-1.173589810956378,0.2903594095642602,-1.7727389527574031,-0.6410016597692313,1,0.2605755045132077,0.248918312524231,0.2485699543892626,0.0077637029766414,0.2348428135734377,0.2649476169127307,1,2.482083943767354,3.7616734702969215,3.749196921690319,0.7182701290801095,2.473770642009609,5.314367383897203,1,0.8413606611720414,0.6734563244281474,0.6900277023305352,0.3070038360760081,0.0712091175435129,1.1723700889947382,1,0.0627405172739176,0.0389607661380991,0.0380185522772416,0.021897074186992,2.163381714543552e-05,0.0760012031564515,1,1.002391090131558,1289.3651174880963,1.0032768969187584,1933.342512791132,1.0018240690176767,1682.507015817316,1.0011593789771387,2436.962712598858,1.0022702192663495,1277.9079782378644,1.0011079342644928,1902.0112721142489,1.0005892897021709,1382.7666400968417,0,500,0.5417736790834349,0.4,3131.1480102539062
11,0.9045033137334164,0.8988641189585254,0.8944784090490192,0.0790818821257354,0.7535529658314568,1.0417419726644108,1,0.4936436999489766,0.5146470845712194,0.5151503442035394,0.0211711165090513,0.4748909249601557,0.557828115400213,1,-0.5853692428272792,-0.4389752876996542,-0.4228258390992284,0.2234001467306461,-0.9122277989569872,-0.0487401711685645,1,0.3186931434910099,0.3136525875076135,0.3133702024457618,0.0078917724687597,0.2984907996129016,0.3294098337991737,1,2.090000215604425,1.9341346318808452,1.9503542196849557,1.0937817618656125,0.0017853515920896,3.7263128990315,1,0.7417077019247355,0.3948342748846298,0.4011815495952678,0.1764349093120134,0.0450455091057361,0.6959483835522982,0,0.0929210146671779,0.0796146094935328,0.0802268630131798,0.0151536522014577,0.049678433234461,0.1083455198741374,1,1.004598885346872,930.5063381700752,1.0014947118323545,1676.7169160209191,1.00096836783093,1420.321588215364,1.0015558874890311,1480.244274855203,1.0057407050687397,883.7772889294914,1.0005102423062158,1655.3221849654412,1.001474162023172,1946.6020623994957,0,500,0.483291850808149,0.448,3539.445073604584
12,0.6979374690805993,0.6975099025697504,0.6950278096502912,0.0324117066679305,0.6379939291732558,0.7680676725551685,1,0.5542545661952432,0.5233735035539239,0.5232873634360939,0.0223315838697285,0.4822507893478447,0.5697991940789756,1,0.4393715930388842,0.4291192761063236,0.4248231241945416,0.216542319473757,0.0398358482701485,0.8902929245735559,1,0.4905398809458686,0.4856972805401636,0.4854273785376074,0.0056323797072141,0.4744488592864558,0.4966379651329993,1,1.7210837301014077,0.9546505030781384,0.8153277623976665,0.7175722170285884,0.0006422623913767,2.3570216097433523,1,0.0806983911156188,0.1891060977142627,0.1720623615142,0.112190498239457,0.0032382593835108,0.394320288514188,1,0.1053377752663434,0.0962977663360813,0.0958720271865719,0.0108937452480753,0.0749329620019274,0.1167228200803359,1,1.0027848313880543,1407.374110741525,1.0004765955665276,1762.502205503302,1.0014262344783342,1682.5556407244749,1.003811749570277,1885.797518093811,1.00180894339386,1500.9491546795484,1.000555401755655,2173.790991280361,1.0036144059261176,2110.2736515508277,0,500,0.6008426618544889,0.588,2173.732113599777
13,1.0326965337879792,0.9426802213006554,0.9364762333729028,0.0491067767630929,0.8544691443795096,1.0436502698417274,1,0.3538036354343887,0.2988174706725265,0.2972107397173918,0.0258139802274397,0.2498364208578431,0.3514169059460615,0,-0.6526052580109467,-0.2988202962158236,-0.2515968975687705,0.3140986941469242,-0.9396091076879236,0.2550438462413896,1,0.4133709065491825,0.4312529893891758,0.4307867744819288,0.0093721769719887,0.4125582553548279,0.4490183570270593,1,1.541883691400273,1.1180980434547172,1.0619406631044872,0.6729442108323136,0.0036415645307432,2.308501051450162,1,0.3503649473362198,0.2004925617198807,0.1825027991897559,0.1247471157188608,0.0002064650071366,0.4300446020693154,1,0.0941218647368555,0.1358636058466529,0.1349898196150499,0.0175139631451983,0.1019739791376537,0.1689527417391282,0,1.0015317119558045,1210.0413445623392,1.0034877601607926,1668.2140713318684,1.00283777384628,1278.702835821747,1.0024784246629077,1883.3202430559104,1.0009301388498326,1023.0516499798174,1.0013685761403817,2162.0392213640894,1.0017687929048702,2138.7577904915506,0,500,0.5962471424779952,0.282,2223.011561393738
14,0.8759604188014305,0.9218557876833344,0.9195127832207106,0.0343487403998952,0.8583481946166471,0.9898489365957558,1,0.6295190736143292,0.5870322484736787,0.5871202581718415,0.0271268083851253,0.5338551992496228,0.6409696914388527,1,1.2666227672813104,1.5487514143543302,1.5239449212394685,0.2331869082821445,1.121794337998764,2.0419238301151026,1,0.2781778834444954,0.26503423308001,0.2652242250244568,0.0068304277702865,0.2508797515813195,0.2774055351474399,0,0.6449813324382931,0.5416355971948837,0.4848221408736096,0.3764446675378791,0.000181245040855,1.244262609897155,1,0.6001072862941683,0.2210722032680894,0.1981784616544351,0.138476702106474,0.0056708775913207,0.4834550892056814,0,0.0916641004623291,0.0802646843704717,0.0808406574826616,0.0121309966391754,0.0558431869405241,0.10271248112607,1,1.0021153289527562,1644.019559258858,1.0060188173113722,1338.0636338266495,1.004742731745856,1364.0011533796776,1.0036198864506771,1519.439002481082,1.004647013050102,1023.7438109039108,1.0006249704084371,2150.1066252489086,1.0028027042642558,1996.113546132969,0,500,0.4282699738614315,0.848,1694.5130519866943
15,2.093654365375736,1.9223109552131716,1.9171585825224784,0.1692163254282756,1.59217637480601,2.2225194600025437,1,0.3199215239535419,0.3037948336150478,0.3031291230972919,0.0325639228866182,0.2422208343220665,0.3653033880501923,1,-0.8266709600488857,-0.6887046686033578,-0.6901709778222014,0.3738145960903916,-1.3397050353748208,0.0209194699320977,1,0.3241361118596714,0.3315861104030787,0.3305233121370173,0.0180255132594623,0.2988498734949661,0.3669896846435737,1,1.8259122337741185,1.4039048673027252,1.4477419444773634,0.5458729440129444,0.2052616189997264,2.3634012730539258,1,0.5473017543248055,0.67537781752475,0.6752836494408678,0.3465367736634291,0.0344046195873605,1.2578228133528415,1,0.0883397686746386,0.095310567339489,0.0955486101771239,0.0264248637227079,0.0437403017798391,0.1471606506062159,1,1.0016147944644445,805.5488478354159,1.0011746683314242,920.1660511723138,1.001684260075148,772.2333915161328,1.0019682328686077,878.5069319268824,1.0012048411897088,772.1879909527202,1.0015019696015446,1683.897316902199,1.0020835060403106,1470.224788411414,0,500,0.8688618202633336,0.242,2420.1561481952667
16,0.7238092565844599,0.717813972591418,0.7081279465840931,0.0434072129223323,0.6464426649259297,0.8075525036742179,1,0.6950434084273723,0.6571961741988938,0.6571519048504739,0.0209952996350144,0.617231520180684,0.6992886857896037,1,-1.334051222493943,-1.0635159289248108,-1.0586919315031154,0.2308751343035472,-1.5396823952361338,-0.618478339578434,1,0.2738507224450614,0.2659314530292634,0.2660277313709501,0.0042481989048938,0.2574077786362883,0.2737591271335806,0,2.6336211594502337,1.2952644504756512,1.1136342527671037,0.9511607009276464,0.0006513716124855,3.1345496722016786,1,0.5535742891732268,0.3406393122994502,0.3493253086672888,0.1298011190062595,0.0760696994621328,0.5698409235720899,1,0.067788383805727,0.0552814161799172,0.0554571974938265,0.0075173916631032,0.0408173901375291,0.0697322957183846,1,1.003809031815772,1114.481296500027,1.002304416908002,1680.9445880074368,1.0033352104440332,1762.7563454429264,1.0014795800468574,1460.7802287629663,1.0036158327891678,905.0898135278773,1.001646665268893,1579.0594701884686,1.0016535880551778,1913.31454876505,1,500,0.3791239614094322,0.488,2338.096749305725
17,1.0500717678197315,1.109465204669679,1.097882864358598,0.0741503183280043,0.9888728889772612,1.2565003580493788,1,0.381438083568243,0.3688585084681071,0.3687035687412184,0.0174415391604193,0.3340188236606481,0.4022987648601661,1,0.4713967206450249,0.5819520453710588,0.5807631380341097,0.1520702262160771,0.2882839185483851,0.8836228441059445,1,0.1541997614489185,0.1584947449775496,0.1582192542004969,0.0052710911555437,0.1485206663070324,0.1690937439137775,1,0.5313302754924634,1.3241170205974842,1.3514678128794526,0.7225463951280021,0.0321837250583706,2.5069254909263723,1,0.2290698020729934,0.3270420560669912,0.3186184605177352,0.1704460445863095,0.0176799159688207,0.6273660337485913,1,0.0312809153885619,0.0256606306078404,0.0247507135361746,0.0136024265481821,1.6917287631439565e-05,0.0492596471937383,1,1.001665875048675,1340.22668654911,1.0007434711405756,2067.50943667026,1.001860955015775,2017.0524183045227,1.0005839947967246,1910.0002608158916,1.0022712942958651,1191.6785326554798,1.00258649407822,2431.178858009579,1.0045310432557129,1764.8307305795815,0,500,0.4152035444752636,0.508,2540.4758064746857
18,1.1651508764610548,1.1550071265478177,1.1459885006691626,0.0556783461068795,1.0619106164115768,1.2764609448093676,1,0.4751841765927115,0.5119009083584847,0.5121629312620494,0.0185778515108912,0.476227005467506,0.5477275274176011,0,0.5488758869655519,0.3752266845200928,0.3690000772750612,0.133814172550154,0.1137486732267242,0.6330419907960269,1,0.3516300866349827,0.3481776705842757,0.347737385454718,0.0093452010246935,0.3308476264660645,0.3672309112759155,1,0.995220167414974,0.7154729255935488,0.6492412412515348,0.4925850600301093,0.0006116031342806,1.638435829031197,1,0.0821034009659858,0.259162817823907,0.2336216863031001,0.1661066697782497,0.0002287827419949,0.572735746392631,1,0.1199376796504402,0.0973381933057648,0.096009238068941,0.0221817567963102,0.0539606299127067,0.1401332605632768,1,1.0043369668569964,1491.365249623808,1.000568650622065,2195.0469935509623,1.00143820082069,1782.6379620473792,1.0012048520624892,2366.922868289449,1.0033507541337665,1222.273080086857,1.0014167118910084,2143.5186848426374,1.0007883670550086,2049.961164559549,0,500,0.6559901049706978,0.602,2064.9732909202576
19,1.8564539913890263,2.034071941976115,2.018137094571187,0.18231130831897,1.6846087161805745,2.395422851771234,1,0.458964685348714,0.4618100757695025,0.4627678758424722,0.0513525989210172,0.3623335008459913,0.5628122146711677,1,-2.903678370678193,-3.006288051850278,-2.9675347355936044,0.592423288610896,-4.236842373484709,-1.9198600845860967,1,0.35802867263736,0.3458223654080737,0.3449569270181105,0.0183356175260106,0.3114524029127598,0.3824011637991253,1,2.016710824851262,2.0175548926046982,1.9915703070990611,0.4220680786247855,1.2277447659412395,2.875814410635786,1,0.9886340926039386,0.6543968623086062,0.5945763043974124,0.4008749273673382,0.0143551090828961,1.3809596139245115,1,0.101820859036549,0.0665062149190347,0.0681507534517665,0.0328084420490261,0.0014756725347449,0.118811321121265,1,1.0056420420576888,900.5569802815265,1.0052671747536988,925.7294331670294,1.00534419732415,826.9499954677246,1.0049255213832056,901.4736355570894,1.005245741450656,925.82198096071,1.0023427716123343,1564.4119104378124,1.0017080294350196,1246.1783950288193,0,500,0.7491277730875283,0.082,2793.604714155197
20,0.8926529122538804,0.919333706912424,0.917803643629455,0.041618668835598,0.836516289187056,1.000347881064238,1,0.5957062198298135,0.5676564280231624,0.5677883887784796,0.028701435816879,0.513314314981289,0.6266939665926694,1,-2.9539174634595664,-2.827012833162126,-2.788632787958744,0.2997141501817025,-3.4315565387247804,-2.2949637144111508,1,0.422229578473083,0.4145735699248715,0.4143207772598389,0.0080437695293559,0.3998637096941742,0.4312634040771544,1,0.536503575100684,0.6348451563084664,0.5925420575846341,0.4098343467568223,0.0002494350704265,1.3618896929531068,1,0.166992394794005,0.2545365232964981,0.2323661248487702,0.1595305569377526,0.0065387067458449,0.5631093414205298,1,0.1342309938476518,0.1202798927544165,0.1196401522625343,0.0143523396188922,0.092499243272395,0.1492524107007902,1,1.0007358341244137,1725.8614254855486,1.002603214062421,1652.3644020577854,1.0013418463678885,1503.0151108553612,1.0008822123134982,1912.639715516845,1.0032334960239253,1039.031053407189,1.0013963894954203,2402.755199658207,1.0009440696935574,2083.2505541041223,0,500,0.566359692882111,0.116,1815.711499929428
21,1.458846710277373,1.3573707364174017,1.3500437538965055,0.0963874832280269,1.1861050497945218,1.5528377812337115,1,0.5279738628334774,0.4701022461809939,0.4697619739820455,0.0450437844127499,0.3824122946914157,0.5551909949342202,1,-2.602492630584932,-2.075004962305542,-2.0291227375583816,0.4582135778064709,-3.00488016343288,-1.269004767271393,1,0.169905770256546,0.1908352503740034,0.1907175276259521,0.0147857179287035,0.1604248084564851,0.2179010265272552,1,1.7426234141466974,1.3067469480223826,1.294937479636895,0.4667791231297105,0.4249770615061654,2.2323798920364464,1,0.2065474170436912,0.5234910410034893,0.5252110412533247,0.2573491979551455,0.0485966293259485,0.9758171726060844,1,0.1097254763225433,0.1452257097849456,0.1450734643676711,0.0225204951233226,0.1041758463369361,0.1913060870882998,1,1.002450177927704,1010.556744400732,1.0040739035920287,964.1299699896256,1.0047399233218397,940.737628377908,1.0025595826238212,1202.3729175209344,1.002483169133075,962.5706334333358,1.0020742238317988,1799.9253847959003,1.0014735779412398,1841.327324183381,0,500,0.4783186940490527,0.122,1983.333063364029
22,2.103718136331952,1.9995885468384944,1.9906183330393623,0.1071229289097064,1.8044572662924432,2.213064812553865,1,0.5846831412056557,0.5736780321043088,0.5734994467904495,0.031128538920913,0.5151491705941759,0.6389189922602895,1,-1.908178303708292,-1.848799154892066,-1.8308451808585804,0.2142610636711804,-2.265922585168966,-1.4436673837289344,1,0.4037107373206327,0.418276611355116,0.4170296545002109,0.022989348399391,0.3733886856388452,0.4650804049328871,1,0.6517551110802503,0.609413647824956,0.6088064436880883,0.2136337216966221,0.1712776790580367,1.0507984669544808,1,0.6623888401393166,0.6522364798929708,0.6020433712551525,0.3859750987748523,0.0221118098046448,1.3701917302799316,1,0.0400478662223011,0.0799470232902191,0.0721733132037138,0.0559658937252172,6.238431637450686e-05,0.1849045627551841,1,1.0010794251601036,1246.3094904543857,1.0002971556487517,1241.0518906546329,1.0017968220240432,1050.9375211425013,1.0011389616248694,1854.476914570522,1.0026594518837626,1069.0754874633024,1.0013010870685872,2052.9537899405386,1.001884238560501,1715.6589442199963,0,500,1.0091496068257393,0.072,2376.594210386276
23,2.3319399819483797,2.3837828022932293,2.376086370835453,0.1882238346678845,2.038125229672698,2.78066367477366,1,0.4396499073228097,0.4173199637496311,0.4169593384649002,0.0290519918353479,0.3604929500317061,0.4734673346206877,1,1.394067940249645,1.6399918449846205,1.6219433773319156,0.2917636544029502,1.111940497983042,2.2543238248858306,1,0.4268237958219416,0.4434188975738766,0.4416860683914853,0.0237952224511278,0.3981578511999571,0.4901211432265049,1,1.3127744669301225,1.5838316272375372,1.561837767186916,0.3571526600126137,0.9078376786834156,2.323331251745757,1,0.2536961705904909,0.7696236051651932,0.7208161452931627,0.4427028436305913,0.012582225213864,1.5666045838916265,1,0.1279320225845893,0.1224273171334458,0.1220478804942483,0.0604285231426311,0.000108747320197,0.222080951781848,1,1.0046835122060582,919.4308862743328,1.0053625254931184,974.1493817049604,1.0070530984103845,833.1659689565734,0.9996875687561112,2185.744385314883,1.0053595517805056,861.437445729156,1.0022884620131254,1957.3538535588968,1.0019213214548746,1608.3252188957006,0,500,1.23849342692036,0.798,2274.054295539856
24,0.7074452328638972,0.6870091834358154,0.6836056183601028,0.0269590773481019,0.6351884665271506,0.7424961696025835,1,0.4176188185614595,0.4315745614121182,0.4319121917897824,0.0177030307462318,0.397064762157818,0.4652700244050615,1,0.861931045358773,0.8372693171132453,0.8344294370028609,0.1954216561271106,0.4622470203134049,1.2233147461155085,1,0.2629005906180189,0.260081195820494,0.2599873085110223,0.0030311844948996,0.2542112989227905,0.2660650088988134,1,2.5408297540931803,0.9272595067507232,0.8039328153719134,0.6774492822473357,0.0014618070082094,2.2072900683416705,0,0.1254451389795263,0.149880621481033,0.1353028597768925,0.0938625715775282,0.0003891616836518,0.3244477041154073,1,0.036123420582861,0.0306583937946189,0.0303165031507349,0.0077355078474957,0.0158661074801786,0.0459597569757084,1,1.0014616272206835,1350.7303793513645,1.0021231222835207,2021.5273767935576,1.0019405135604793,1962.0535476653945,1.0013844849655926,1932.0284924517207,1.0016573088282603,1144.9779364819092,1.000505963678764,2477.6270775320845,1.0026689533100157,1680.0308649811068,2,500,0.3711131559208435,0.564,1526.6737387180328
25,1.1819607638764125,1.232920910448436,1.228648642256199,0.0627125782307816,1.116018421074094,1.35663772141105,1,0.664493520338958,0.6476875540199813,0.6480531398136191,0.0266141201772572,0.5974886350826134,0.7024261637162637,1,1.1206526848495786,1.3157500875337738,1.302243645498686,0.3379288409347467,0.699289689461321,1.991521279004537,1,0.2398345402971335,0.2391995427538814,0.23894818570529,0.0059216968676001,0.227434841008528,0.2510276966592565,1,0.9371289077229724,1.228844579234596,1.2405154925555666,0.4340810967477114,0.35714407282377,2.0956021094294406,1,0.1119686930638431,0.2912901247532464,0.2623687585184643,0.1820772475120353,0.0048430197887395,0.6377682191597663,1,0.0310562445191717,0.0177561264419874,0.0143689664210544,0.013870937782621,1.7165098959863896e-05,0.0457212511593906,1,1.0016819848307577,1284.8028408772689,1.0023323197349066,1354.086395661141,1.002988582028181,1018.2849780725176,1.0022892726325634,1315.9488681743385,1.003258070184187,1006.0792507973848,1.000416149959673,2160.7183361574557,1.0011996830491086,1358.6799519361457,0,500,0.4831151872896313,0.836,1963.1294219493864
26,0.7404043201407209,0.7448265207400204,0.7378344217320769,0.0507650650076409,0.653769698127346,0.8423835389358452,1,0.6512879187661826,0.6508099049026977,0.6512373547446983,0.0236790806171469,0.6035795933304473,0.6958332927450092,1,-0.0685021609617217,-0.2545480843105915,-0.2867364565045697,0.2878496475912116,-0.7638654668881592,0.3609856998004782,1,0.4976385476898688,0.4910995478306619,0.4911573543856223,0.005010954446355,0.4812293219962779,0.5011189978740045,1,2.6950368712938317,1.9229655235237448,1.899080895663303,1.1583624291779588,0.0025928913478257,3.873545615701429,1,0.5645283721455293,0.2331029489848224,0.2282889365468006,0.1234521366333803,0.0046925344651626,0.446271570613656,0,0.1439538529191776,0.1376952126412752,0.1378567211907466,0.0090317913335075,0.1196405303808498,0.154838925813921,1,1.0023365700148297,1347.88340863995,1.0010779365844231,2297.94327599133,1.002507057556702,2039.2500350036803,1.0015912998930825,2960.6433010806163,1.0031219073563296,1174.3060716254968,1.0011006666944329,2219.221487753284,1.0008681226413625,2388.489602940489,0,500,0.604084707969135,0.586,6503.469817399979
27,1.222531704420452,1.2999885712618016,1.2717474968252551,0.1052942116303535,1.1440503323716864,1.5203251065828116,1,0.3405354952991514,0.3494842594100321,0.3495866894123456,0.0177331970214625,0.3149835926732261,0.3840727896332533,1,0.7440348856005969,0.4488403488932747,0.456066215983419,0.1371520244145499,0.1703679003341474,0.7111351099074156,0,0.2943013381392529,0.2695250632331971,0.268701858398583,0.0102072602803168,0.2503689832349594,0.2895321483194521,0,0.1873673024899225,1.103399485937568,0.996352671106266,0.7269583391223967,0.0035660312763078,2.445651070688487,1,1.0606594164674985,0.5053157258204258,0.5005514872994483,0.2537370368526791,0.0207671481842808,0.9327616223606852,0,0.0852155996048714,0.0475268940263107,0.0470949499576584,0.0216708954472515,0.0023832408519707,0.0855644982835651,1,1.0020395005947167,1211.7960519216213,1.0015808676590006,1926.3194326342052,1.000961318839828,1946.8277264659469,1.002036692908404,1486.778552909695,1.0035580538989577,987.8033216721562,1.0016811433644313,1740.9410037803564,1.0025951421850223,1402.078634001596,0,500,0.6168860122983799,0.484,2784.723758459091
28,2.2339957807665987,2.1337550978071484,2.1154705212245606,0.1437969363027399,1.8847293432644692,2.435512807518336,1,0.6401945286001116,0.5696690644785671,0.56682988879944,0.0396614439288857,0.49603694321787,0.6512137850256563,1,-2.6365200738707992,-2.2476920526255806,-2.199423972520615,0.2695279811301556,-2.777723467018036,-1.787470099193129,1,0.3068313499057745,0.3335031584455291,0.3341052626945802,0.0287361519407537,0.2792246654091562,0.392546197102085,1,0.746857264914435,0.4258550593595996,0.4174754813506889,0.2489745944987018,0.0003705004393309,0.8570653430267933,1,1.4035856223258774,0.798414458336988,0.756919314305537,0.4630714426291443,0.0136903583368264,1.6215521761101583,1,0.08202963631432,0.0830101203873078,0.0757720238456366,0.0566891085073393,0.0001009983995181,0.185723321765222,1,1.0020781872722748,1203.5874775618872,1.001033377698252,1202.6122988054556,1.0027301154787969,996.7217006913668,1.0006880041379818,1482.6753238950482,1.001586836130168,932.7032287659792,1.0019856360188988,1555.015716579133,1.0030244599177516,1643.7627022570812,0,500,0.87088447735041,0.026,3907.2537105083466
29,1.88247749961061,1.919276932831042,1.88493731268114,0.2212945612327355,1.5387421747082013,2.3641473224681784,1,0.3885411805885389,0.3768458745811174,0.3666673319973569,0.091111357488739,0.2234405785310352,0.5572826321223219,1,-3.153589989743657,-3.164879559032167,-3.0653684925948776,0.8587359556305603,-4.827430717443264,-1.6679747605668744,1,0.1504168884095502,0.1558936121338491,0.1577435623870529,0.0292653894714851,0.1015351268254662,0.2086269706754628,1,1.374279588295451,1.233391984028859,1.2042233125460533,0.4519539277829018,0.322669920684858,2.1159162845800004,1,1.0507587465103576,0.670961622826737,0.6304990549753738,0.3962344820111662,0.0162075098709272,1.3817711445560548,1,0.0890256595665652,0.0851254822089853,0.0883366077096458,0.0324359476058914,0.0140895626542608,0.135953232426545,1,1.005777993212167,861.7746716328647,1.0138206700364698,490.9030907062958,1.0117138182545942,541.941499280161,1.0124305297021328,567.4768498992814,1.0096727010838005,679.5926161372224,1.0039807574406447,1624.984134165748,1.007772638855445,623.2830961306609,0,500,0.4224359657125673,0.012,4060.2681827545166
30,0.9202062974245248,0.8957354706936362,0.8884076265321152,0.0595995505826832,0.7925763395087876,1.0195620279398696,1,0.632652044914563,0.6302353048442355,0.6302228655106279,0.0296520519501859,0.5727163844538651,0.6872222396493576,1,-2.008355647123687,-1.8338923516618164,-1.7957360269613494,0.3865873832471267,-2.6198069757888,-1.1534471683387282,1,0.3423813541296849,0.3502756434424101,0.3501942022596541,0.0067912695456475,0.3378234862073421,0.3644401490785128,1,2.4321269073899305,1.8233937391116517,1.7860596887885531,0.8646359114570286,0.0078020668224605,3.292006649695958,1,0.5415355760227764,0.2908427160026808,0.2797230004212429,0.1579731258743812,0.0155786211383765,0.580560721577304,1,0.1354549912200948,0.1435415494833851,0.1436332063359172,0.0128452502102732,0.1184005288480832,0.1680227312683672,1,1.0040315856510582,956.9639147183716,1.0049810965008432,1314.899336737083,1.0061278346271612,995.7650925707734,1.000841707184029,2434.871015521016,1.0084996307609695,744.0202636725095,1.0020174716055723,2153.832858637952,1.003942403129231,2264.873688429226,0,500,0.5109003519078786,0.34,2920.485436201096
31,1.4267791776647667,1.3822632199291116,1.3812082239553658,0.0578940779620812,1.266327389809366,1.4939763509262542,1,0.669012629841347,0.6645489808979084,0.6640396902511196,0.0219142577600256,0.621621603121828,0.7066989268534957,1,-2.877599301362688,-2.818645478563982,-2.78564228232246,0.2394941877995615,-3.305999760360198,-2.409149336139255,1,0.4626804667759802,0.4682161724426502,0.4673278536028319,0.0105124530595042,0.448722952716429,0.4899311056066627,1,0.2862916202260855,0.4713652558612505,0.4503965490418646,0.288403782370715,0.0002624337354853,0.983842484212894,1,0.4272844333809301,0.4375218169125905,0.4102436280428194,0.2609845220406754,0.0185965796248123,0.9240253907960714,1,0.0523277479274714,0.0515823871593226,0.0502117672893106,0.0261855962834294,2.3360260715173588e-05,0.0981911946816473,1,1.0024725432101262,1511.4081626623297,1.003432515205974,1408.790842343156,1.0039111293792868,1150.411367850948,1.0015075958337656,2048.2528700471385,1.003408877460471,932.9509612592808,1.000749892720123,1939.1339483678796,1.001389680214573,1394.079367002379,0,500,0.7598569969529476,0.086,1924.9250252246857
32,2.12802520014096,2.1637531449822447,2.1596017026916883,0.1694526300864074,1.8540794910360028,2.5099566374108986,1,0.6142248002790551,0.6115116993095214,0.6116234539744307,0.0228262787559737,0.5685314090163048,0.6571427738836491,1,-1.5074117897936017,-1.3080011081485312,-1.296219593100206,0.2307331973729477,-1.760081653661503,-0.870629235767399,1,0.3017480662623372,0.2825224901324935,0.2812909256593027,0.0169582871552037,0.2529928277814157,0.3193134337392577,1,1.966017594464443,1.8864384164667656,1.8826922857557835,0.4286385060125166,1.0558260282778378,2.713411237273585,1,1.53817119028625,0.7447296075622989,0.7102450079960612,0.4086685915679041,0.0340822557565514,1.4696278166837968,0,0.034598684250545,0.0749670606214115,0.0688976711425558,0.0486728649141396,3.2819758280764905e-05,0.1657314669096784,1,1.0032392555923189,1256.792341284976,1.0025867268833404,1555.004649717629,1.0040390452082164,1269.3592932895988,1.0017942983582564,2474.5520932791974,1.0028704393193837,1219.0810324919903,1.0027650296200488,1949.836563153749,1.00366971140296,1256.4951527053947,0,500,0.9816851300474068,0.308,9506.01085472107
33,0.9435357314550196,0.921804357733017,0.91932303676026,0.0421760553465363,0.8428738837421933,1.0076997919713502,1,0.6387086533779163,0.5776460321215585,0.5772387210784051,0.0286423878842665,0.5231157656713508,0.6326580071761758,0,-3.0677713002177738,-2.4554048067818983,-2.4118841427279185,0.324756430589537,-3.1409727434327603,-1.9246496713162211,1,0.2667347125345233,0.2587403312357142,0.2585839398258666,0.0073070116954633,0.2452540619894186,0.2742030648622573,1,1.5173223634387654,0.8270021265795561,0.8012136890966433,0.4652368415608325,0.0002049228824314,1.6500826980121472,1,0.3895596858681774,0.3363365115865092,0.3272550024916015,0.1777652185464437,0.0169556200678002,0.6493474033791176,1,0.1203583729852656,0.1136015011413863,0.1133179489115821,0.0125817117869155,0.0898338471662929,0.1396414392451886,1,1.0075989808449384,1422.0958570303155,1.0053136878713096,1572.0915725877946,1.004619379738567,1363.208947049414,1.0051047325696856,2128.9974006127245,1.00332301357648,1101.0680533207897,1.0009076794997274,2066.6645675239624,1.0002735668852072,2575.282761117036,0,500,0.4230193910063458,0.166,1488.4174246788025
34,2.291487567808784,1.901292229032353,1.8958976035495203,0.1681565930258315,1.59942612165264,2.2072408134581063,0,0.4010009947482746,0.4395287154486707,0.4395175709629914,0.0186552032314108,0.4005612537895261,0.4740462600456571,1,0.6439844041171958,0.4223324378804973,0.4117648706850308,0.1284888799056541,0.1925956406764794,0.6810781397596642,1,0.2342471389297804,0.2496030843749493,0.2482253683624694,0.0161046906270457,0.2204855597352105,0.2830405173507269,1,2.3768303734659666,1.250145169115087,1.3012250757758137,0.5447803223217929,0.0751200100790724,2.1078399299544244,0,0.9649398651394346,0.589047781867438,0.562622876739898,0.3360929582527499,0.0394609615728024,1.2155106680274883,1,0.0873869800670948,0.0563685385743804,0.0499900541228944,0.039629007745082,4.987666280124814e-06,0.1323028384343563,1,1.001853441232458,1058.5777733356654,1.0005586843535688,1462.1516775646369,1.0009655139521785,1329.6256015476536,1.0025224940237512,1689.943213546465,1.0017868811708484,1015.9097788481678,1.002155465229071,1889.5939566526683,1.003501286520856,1600.6687859331032,0,500,0.9445856215338349,0.57,2808.0953328609467
35,1.9774555804682232,1.928644407398804,1.9162155974802468,0.1298530884213314,1.698150012446782,2.1929666211068946,1,0.5197555424792268,0.5343747066147364,0.5351374777937774,0.0399487340038139,0.4519153920136903,0.6108806129092575,1,1.5471719971985785,1.407555112901718,1.3830623344300002,0.3058048233156699,0.8555603625855229,2.006039477477728,1,0.2188121599137508,0.2124787970001957,0.210728179612703,0.0231842735526604,0.168737258178471,0.2591521416446684,1,1.0208251278110034,0.8303159111275236,0.8261837177446911,0.3273874596793694,0.1337143533533352,1.4726822162759423,1,1.0253744007251118,0.514323889450796,0.4564484385817825,0.3213347502994614,0.0082137052492392,1.1227933557122256,1,0.0910339169363707,0.0771354522272327,0.0706673184319311,0.0510571409769203,4.379000429511915e-05,0.1705074386599417,1,1.0022986698092524,1046.447454798291,1.0026391376193005,1064.4606377357886,1.003327444433138,962.0117699024933,1.0009114774992174,1283.2990087148105,1.0049717354227574,904.9974486241076,1.0006029459728982,2375.994198742977,1.001965103498485,1282.0099293867338,0,500,0.7988365243168253,0.884,6480.183551311493
36,1.6626187827738166,1.6635207581787903,1.6511560998041632,0.1483654405926096,1.3985792793388838,1.9502770076479163,1,0.6989495286643942,0.6639535397304701,0.6643065931693622,0.048236484747192,0.5731480829819904,0.7530391636595185,1,1.2906767653074225,1.374879088373726,1.3489689355674357,0.5483249467776904,0.3666971860860101,2.383789735829289,1,0.1845697365457125,0.1787750337231325,0.1779498134707456,0.0180728368192122,0.144139084419391,0.2135716420851429,1,1.5731641448936355,1.433121949507286,1.4528916600301347,0.5792693513362226,0.1452094683378596,2.417476419556622,1,1.0875605907796988,0.6242036239063726,0.6226457428704332,0.3129970830756772,0.0671333447659819,1.1897230621836985,1,0.1213498209261412,0.137039461227112,0.1369968491996332,0.0195583297572609,0.100361583075813,0.1755253943008281,1,1.0039780260286242,642.9661446365009,1.005634855696616,606.9933844839946,1.005822098264732,583.6127893338165,1.004537717000726,621.2105636741063,1.004943738370915,607.9953390515267,1.0021206987081888,1285.1602817204684,1.0032611693166076,1113.58831798285,0,500,0.5586012465472652,0.846,2318.1044511795044
37,1.0053681770611382,1.067724283890494,1.0643409970724245,0.0876451407031306,0.9052252483804356,1.2372216652750327,1,0.6114355151341255,0.5974258308114667,0.5959962429127249,0.0583010511634325,0.4904254762940856,0.7070032364330655,1,2.1943872036259675,2.586603022609625,2.5843593599925425,0.7668087916354153,1.095694683694537,4.082421926220796,1,0.2970211715175223,0.2981749970559406,0.2982966046938615,0.0119271823303058,0.276769403030333,0.3206259386602855,1,2.138975693619497,2.3265572599715787,2.334022755649134,0.7215405696837007,0.8879147653951243,3.825162282815653,1,0.7976676755389028,0.4607215395390311,0.467956266640749,0.2210403529061848,0.0549285821103578,0.844859578426188,1,0.1287291148020936,0.1485020005611498,0.1487072099644846,0.0149352848332989,0.118601854602262,0.1753376544454999,1,1.0036464528169518,759.6133793680933,1.0050281522933395,666.2574008152475,1.0032704764561071,727.8209710943167,1.006737167397224,692.0304113679749,1.0025522668045963,832.5549990643254,1.000493699937966,1748.3388622567286,1.004702194895192,1199.2326139226834,0,500,0.4607819230058464,0.85,1813.0389244556427
38,0.9667773611086504,0.94471988853719,0.9353178064951128,0.0651515900623366,0.8304680826909493,1.0778082242470972,1,0.3303227462073729,0.1398010240303595,0.093903910128829,0.0862853982731934,0.0750489786803405,0.3105346524936323,0,-2.7971979043099755,-1.3683927026030127,-1.0000696128709456,0.8490824541888342,-3.221305664556763,-0.43149550676281,1,0.3158299499459827,0.3617476778886029,0.3730574982201865,0.0216831606160087,0.3186258836940611,0.3800111441273275,0,0.8943388649181554,0.5418272448543029,0.4011092083198631,0.4687348411258877,2.1506095342892144e-05,1.5291440554079454,1,0.3238806285684376,0.2041174057711267,0.1779394730612812,0.140110544150675,0.0018246462926065,0.4666883928795817,1,0.1447446577881711,0.2080516706755132,0.2240897634806918,0.0321269010851905,0.1436922455113081,0.2380915288205677,1,1.3007564986094542,10.402658919889491,1.5296140479669502,7.219013524279697,1.5287660640768714,7.203963040589619,1.5281104822460063,7.168908929121136,1.262154142483058,11.542622245905058,1.0422236580287467,82.42169713024492,1.5289243235709016,7.275377389237782,0,500,0.4307849376002055,0.036,2694.5376744270325
39,1.787364061354324,1.820861349279814,1.812178818520191,0.1693835250813002,1.4929796297207445,2.1501339381822384,1,0.4527418124519621,0.4584301778377507,0.456142739134781,0.0359748169894199,0.3903314467464885,0.5336864097655981,1,3.1667027770587923,3.237579264803095,3.225657011741242,0.5649435719754208,2.1221716218982065,4.339719452832576,1,0.4767939108861471,0.46846328376591,0.4670983281929325,0.0107791204237914,0.4501901695272299,0.4921750432057276,1,2.992070832786434,3.077178009268396,3.062887390539085,0.5616530789010202,2.055124909434741,4.271801142426314,1,1.327118283998036,0.7093255478741836,0.6943775088878571,0.3923971135971203,0.017161654125102,1.3649467334206309,1,0.0383583826826653,0.0229341445790678,0.0194900276265727,0.0172934125091772,5.7979695969878366e-06,0.0572693033518282,1,1.0022567475257562,797.1822045041624,1.0036200562110695,809.3464083443206,1.0018108675022983,766.4072844382845,1.0013519582216452,1005.6755576293532,1.002142090221304,832.3444634344938,1.0002955794769617,1571.9650641620096,1.0021007517178473,1485.2107804256266,0,500,0.8338537297035424,0.836,2066.384905099869
40,0.6765198210554021,0.6922649904725388,0.6916185880798161,0.029075851828897,0.6328199106171395,0.747543631321046,1,0.4459074980997002,0.4956500235664386,0.495896194721161,0.0248872357696218,0.4454235153550369,0.543332516350768,1,2.4132377332811803,2.107231534450882,2.089841395284328,0.2531309141261528,1.6460584386459625,2.60776671866515,1,0.2575475910428348,0.2506213500712838,0.2505421255600084,0.0056848441995004,0.2391226489096565,0.2611052638965129,1,1.039003080176532,0.551027215487696,0.4650645458251878,0.4243918962678711,0.0002105230861564,1.3597926771774822,1,0.4357815316456804,0.2633875776815952,0.2565925591557328,0.1363300228934556,0.0154313852444003,0.5006064533932042,1,0.073049428884107,0.0671973648029729,0.0674595441731401,0.0102612118730556,0.0461295536461575,0.0862615654369321,1,1.0028358785503793,1449.6718289727307,1.001954624721741,1618.4451882843373,1.004057980784764,1554.7789387448556,1.0020356053193629,1539.072151086116,1.0023503484564529,1311.3502887397012,1.002437174685231,1806.5809423650269,1.0014180978498122,2048.114323603958,0,500,0.3530704354545403,0.798,1468.69491147995
41,1.7667334759307658,1.4912397608549,1.492263582552205,0.1107606963365944,1.2629042295028887,1.705960995923926,0,0.4506266724291902,0.4887129613413797,0.4875769796782889,0.0273608644773439,0.4389760107044074,0.5470274779599134,1,2.0499746032179003,1.3296692679603854,1.3214723188577588,0.3137628853095902,0.7179786740758924,1.9750693170345104,0,0.3745189131754947,0.3869732847506987,0.3862576662732959,0.0129390601503582,0.362511464664463,0.4118435546891819,1,2.929315497324437,1.9587323713318536,1.952797363979665,0.5460427358066141,0.8342404933356308,3.039535309779003,1,0.4383913231344964,0.4854671461301518,0.4600765155318895,0.2773125124138039,0.0025049982755651,0.9772004002212924,1,0.0799092207189216,0.0818752818573409,0.0828351863300948,0.0331200559019707,0.0178503635558282,0.1454308874245689,1,1.0019772960068722,1285.5124974203532,1.0024069587393676,1359.413571049067,1.0024599342214,1196.6544101701795,1.0039422323195537,1658.3451148969536,1.0016151113693226,1171.0659468313895,1.001909008110175,1680.544954847922,1.0022098731170936,1172.904054460448,0,500,0.7622191107743015,0.71,1968.141159772873
42,2.3689186682679706,3.008641559275334,3.0563531506944117,0.3623244724261724,2.215166732379616,3.5787309815344988,1,0.4132031504844432,0.4183404087388512,0.4186633679547311,0.0190782971615792,0.3795708473117339,0.4539934154668946,1,0.127280645534153,0.0488046769254569,0.054395902327816,0.1113977048829447,-0.1725267386790461,0.2464742419907017,1,0.4524107064462829,0.3730215941189317,0.3663316301553539,0.0380308223162566,0.3115179530942409,0.4523145322215607,0,0.6144734112974903,1.4394580648159454,1.5384082769688248,0.5348430859921548,0.0301442597965288,2.1494575887294864,1,1.9523462379135437,1.2724552242115763,1.3015809494189068,0.6563872421285497,0.0980652342001039,2.3213896033230523,1,0.0328532247427376,0.0801761245787229,0.0660610936602865,0.0628908259479331,0.0001028192077082,0.2033031563541762,1,1.008527707089046,599.4010801093029,1.0006573064657738,1854.617992932593,1.001383984559162,1319.7892398578792,1.0070760287603038,657.317401500591,1.00709128344368,613.1944637515435,1.002018531736496,1407.5429927587136,1.001244909159803,1983.1597628316945,0,500,1.755395720782941,0.488,10915.80248260498
43,1.3342145406141268,1.4012868239955996,1.3990456115465384,0.1196794631498575,1.1782510292820043,1.6435424585727656,1,0.5007445671069691,0.5012487005682505,0.5006494422229852,0.0251859655136987,0.4551952812401127,0.5550677234404807,1,1.06147754092531,1.157380372462801,1.1418202700651872,0.3281019026353914,0.521484619296823,1.768141197586479,1,0.2238672420475551,0.2052752757161823,0.2043497010398661,0.0119079072278239,0.18297904175437,0.2289908638125978,1,2.449484827544746,2.316170494740282,2.300880397366214,0.7070250652178642,0.9420771287780624,3.733764516224556,1,1.1981844628720753,0.675683626129477,0.7040862484599406,0.2880847698578888,0.088323377040611,1.1387127424021533,0,0.0990852049375171,0.0577454853424549,0.0545973605939782,0.0355835830077399,6.718450111294252e-05,0.1200798498373636,1,1.0051493192904677,729.2780533437724,1.0044876376142748,1067.8333646959798,1.0048381138287092,748.4444509303883,1.0015523205281285,1582.4483890025913,1.0050554656993642,681.7280330289938,1.0012647938617585,1727.932387630322,1.0007991494233035,937.9419075450122,0,500,0.5331471295258741,0.668,5312.111431121826
44,2.2060547179110688,2.065516616172754,2.0513997885186743,0.1549858238345324,1.7867655076306976,2.3974952662729447,1,0.3780034030518475,0.3485326724882469,0.3484544641608476,0.0262303533945893,0.2990270078406723,0.4015763206613233,1,2.019050199574358,1.995341049030047,1.9613366135919847,0.3281228922187471,1.3389528733500429,2.6310788702613097,1,0.3443045035300852,0.3336271521993507,0.3328105712997407,0.0161098017121715,0.3000719066943547,0.3644941684585426,1,1.9230664674270896,1.7211287794498298,1.6939563903164772,0.4045754433273834,0.973155221229536,2.5881235814407253,1,0.6820255923377534,0.6275983049610363,0.5908226564559882,0.3619506723750639,0.0144118120648788,1.2775713207184736,1,0.1423495873864811,0.0848696219329766,0.0832283347529685,0.0481111687126862,0.000242795138104,0.1681854973677942,1,1.0019581281306322,1010.8746510184136,1.0016368022902788,1131.2599848478835,1.001034944781935,944.6280046763604,1.0001443727877035,3447.225075637759,1.0007912173490814,930.4408147882068,1.00037169637935,2322.712165958736,1.0051418406838923,1159.811843962201,0,500,0.942262105759256,0.792,4570.878404855728
45,2.217527977316073,2.201479638069896,2.183939599548231,0.1722699186236907,1.8980938912323488,2.547524799354071,1,0.6049319843410187,0.569077570552047,0.5694054769085545,0.0418748313047982,0.4837016346616692,0.6443988514397538,1,-2.336221926863128,-2.1289921799375127,-2.0965402191273435,0.3606657327088344,-2.8154507691278385,-1.4548891670274169,1,0.3669235402904049,0.3425657334781524,0.3414035142534601,0.0234932371816106,0.2969570896071213,0.3880198052197303,1,1.3353405833189378,1.1816772255509358,1.1592999842876155,0.2931508350447036,0.6267492206078475,1.7519643098630613,1,1.5642480465808697,0.7723614353865916,0.7261959076583872,0.4447273369717998,0.013748170665739,1.5640068960885551,0,0.1136452736445786,0.0581787915525446,0.049898883247583,0.0425750242920638,8.131546700623401e-05,0.1382543479806357,1,1.004787668307067,955.5871703786244,1.0057690960900412,931.118605380608,1.005637394017751,906.8359576813708,1.004879394198838,1190.6850247549562,1.00455973640982,943.9176543232194,1.001762892156053,1759.0143174396535,1.0021632148061728,1284.4398157245753,0,500,0.9774111722363336,0.088,2208.5020248889923
46,1.539785124481876,1.6605903795822603,1.6338692633512948,0.1044350699612487,1.517238516502487,1.909954268844869,1,0.3239647852363678,0.305699123153768,0.304600596645216,0.0187397655137002,0.2704826875309132,0.3417468777481338,1,0.0275591519608129,0.1203353786201831,0.1444977851284191,0.1379728186637994,-0.2212892918848944,0.3516760947289647,1,0.3732426419687326,0.3627578914903649,0.3639322560119739,0.0112858993013762,0.3391966590532087,0.3855583884545492,1,0.1484190116766109,0.4807686735325295,0.3430268321058234,0.4579901814848631,8.754727650247752e-05,1.512764141708826,1,1.2447112739259651,1.003407772800042,1.0323862904643235,0.2709215354363555,0.403235992292906,1.4786914353872664,1,0.0433328294046237,0.028012475385089,0.0249567509233142,0.0189831915698385,3.2773505087399286e-05,0.0631585056948373,1,1.0058703075390565,413.6023471650352,1.0049149981360137,431.9240714601125,1.0107649935765666,368.1271957157043,1.0087361873414813,387.31576617867967,1.0085982242794047,392.821891289059,1.0099315108260252,705.5934350858792,1.0032650503192215,1558.2361807806024,5,500,0.9535470406862864,0.366,5329.284257411957
47,0.7684079145627055,0.7846072570419355,0.7815646650673442,0.0418975071071829,0.7105888902963446,0.8696897205605556,1,0.5832316279053096,0.5451648266945588,0.5467103981406346,0.0372499318158244,0.4712303832236802,0.6171059353650203,1,2.285478410447648,2.088797264781629,2.023541982955617,0.4291404739124215,1.354249860017235,2.980109959670924,1,0.2131476284570148,0.2059472634230626,0.2056760813256755,0.0075838202734471,0.19217196234615,0.221066366224047,1,1.8686991450597012,1.1145395494652608,1.0850019469233818,0.6191594389898188,0.0068442160301914,2.1806359203761905,1,0.3666857628744029,0.2532585440871964,0.2464527274036548,0.1350312188556786,0.0112854387109942,0.4899297757692,1,0.1296656328455223,0.1252255278179303,0.1251705947542059,0.0123277923169879,0.1008652582602813,0.1493806824166171,1,1.002457739912284,1107.5337653096465,1.0028434084983997,1195.463175342186,1.00211811354765,1023.1095483718168,1.0013349398747493,1432.5990771364798,1.0013221746806624,1023.7895451361638,1.0004908860457045,2155.712876537582,1.0036478168277885,1873.880762878438,0,500,0.3246310015384175,0.828,2091.448800802231
48,1.2389422308458042,1.199620256432327,1.1852783622756655,0.0751454768544173,1.0865693237903131,1.3555236259441483,1,0.4072654969723061,0.3984062562291662,0.3994575022037726,0.0197670094704206,0.362088993847712,0.4388467177737301,1,0.5856503983099821,0.6689938174885705,0.6569228933596761,0.1365398946514777,0.4058660324621966,0.9283957825182771,1,0.1634475749668467,0.177232167268424,0.1765505399776843,0.010860731728558,0.1569492733680088,0.199059072764495,1,0.2239863428594751,0.671648987600575,0.4937753651120788,0.6363169006087731,0.0010947544537914,1.906619600886281,1,0.5678211268024055,0.4109790280835775,0.3966370859954158,0.2299524470623738,0.0239576776686297,0.8176496737114812,1,0.0595639136610887,0.1023835209808503,0.1010536515863728,0.0243432364730204,0.0554279052770082,0.151733358273042,1,1.0216322234180275,201.0046608929433,1.016142820767426,256.01687395650055,1.0184101601340942,253.677422813464,1.001181889541139,1527.1607675708424,1.0173971544962486,179.99605264722962,1.0090634983605735,657.4983740773976,1.004008360495538,577.0686748761171,35,500,0.5042328903156909,0.576,2038.403167247772
49,1.3833977707577527,1.3880676237993963,1.385573591000288,0.0482730834246034,1.290573072969007,1.4832457719530752,1,0.3099102447841273,0.310090778978316,0.31049522145406,0.0194166869386434,0.2697120731675633,0.3445956323479986,1,1.8086133736963184,1.961833754712352,1.9381733861948127,0.1866841814264361,1.6121645095950443,2.333015594861424,1,0.4002738235213625,0.4007183186076257,0.4000777382701852,0.0109251731260807,0.3811755780716095,0.4235879794241694,1,0.4084291968219017,0.4613564214220023,0.442721924216219,0.2775829829354496,2.3845622708394973e-05,0.9612978420727618,1,0.7462082691231285,0.7733698106911927,0.8010705048651904,0.2469525806079078,0.2677138331617691,1.2406537775340265,1,0.0615531745669622,0.0628791326713356,0.0613068392675308,0.0259837996921812,0.0068852453948933,0.1110419316352122,1,1.0004771553406269,1886.799819661132,1.000869439972042,1510.900014003835,1.0001899133688152,1324.1743091542005,1.0017910233443554,2023.620571660292,1.0020069432418088,905.0935153119098,1.0012559742259894,2077.274325042825,1.0018541005570312,1437.739657764591,0,500,0.7621299189099994,0.798,1540.5114033222198
50,0.8207359479146464,0.7378417031633149,0.7324746908015966,0.0359470024801309,0.6773783969601154,0.8170539769919509,0,0.313938473235307,0.3233278350534389,0.3230379731304946,0.0209988938783132,0.2824870361241025,0.3634092076946179,1,0.8238137983360989,0.8954831907090091,0.8920768807555863,0.2281716911644943,0.4767603718302571,1.3737610313990152,1,0.4099312086772636,0.4143659987322036,0.4142362378082389,0.003998335180245,0.4063917615317569,0.4218674026654624,1,2.1969107193124264,1.194071691815539,1.0657096421245604,0.8178795504767318,0.0002720162130345,2.712953276716884,1,0.242145002350913,0.2377115397554449,0.2318917500492995,0.1274172563492801,0.0128578268661312,0.4686350113453029,1,0.0561154423320963,0.0668657042112246,0.0668272422735521,0.0075463805744647,0.0530951596906191,0.0823006336342217,1,1.0034868028226502,1444.6862174386956,1.001696744958307,1623.8807085521007,1.000345183498564,1730.7811841390123,1.0028533240938855,1716.1304982932843,1.0035247324302374,1109.5356510881284,1.0024627882063788,1895.0153383832603,1.0018162874348615,2066.7066612935737,0,500,0.5315819313302925,0.472,2062.395504951477
51,2.2720708950337154,2.532943182124938,2.527504818471593,0.1895078428759666,2.2006070063001486,2.939573694197896,1,0.5067113483850293,0.5222881637406589,0.5221574167399486,0.020277356880293,0.4827293323863584,0.5596961503241012,1,-0.0199545242120757,-0.0319257888816786,-0.0327929336814503,0.1730219931621341,-0.3738818257176097,0.3069362940929147,1,0.3607845047880644,0.3669504936993232,0.3659344598456089,0.0202951432572873,0.3279400390745078,0.4059741736588299,1,1.780998277167334,2.5814715884057624,2.553577230181891,0.4608243099560978,1.761826687240026,3.551769319916598,1,0.9208892216708756,0.7900956199613388,0.7278038305357093,0.4727389699441913,0.052966266300921,1.6919096133381883,1,0.0448141810868109,0.1304411676159195,0.1318678631146222,0.0585837465114153,0.0088721861890677,0.2308872953176254,1,1.0042686623372414,1806.4768825357212,1.0003919992129922,2052.820892341468,1.0017174215606264,2107.628036247341,1.001873263533846,3236.1643637416582,1.0046028381452805,1772.2487579537865,1.0034519676083995,2053.150211640625,1.001577421763499,1397.1004105759623,0,500,1.181749898151402,0.506,2066.9620881080627
52,1.5219672722205522,1.430235719301474,1.4376290330277786,0.1266100132657411,1.1615782849214888,1.680077175759544,1,0.476591861519865,0.453344741357279,0.4529310484374219,0.0233024165632906,0.4084030627231375,0.4993918529610073,1,0.9093574194563274,1.0407213023518542,1.0390274999988582,0.28302455727085,0.4685013373780634,1.5724258274877274,1,0.4552004255769594,0.4553810306030506,0.4546905568320822,0.0102624262667942,0.4360412189062405,0.475801813189408,1,2.778528324820481,2.729756389960844,2.775065560308529,0.7856223382233105,1.2161919103093388,4.442062274656064,1,0.929353383931706,0.5741203782144876,0.5774995708281325,0.2857997708776104,0.0513118729051825,1.0628978690878863,1,0.0780440664653449,0.0978775260044662,0.0975650166593626,0.0221356435596651,0.0583880411424417,0.1451378007531627,1,1.003957273894714,898.1228339544356,1.0018032051112238,1425.8482819320077,1.0033110930797204,1100.8663311708408,1.0012646714001223,2126.475665514869,1.0038170335772176,931.4974078678682,1.0009361938834596,1946.2653411712297,1.0022207968471728,1906.518833356458,0,500,0.7813072710554264,0.618,2867.083416223526
53,1.0677749039920696,1.1409979033208242,1.12997909023815,0.1007338329561344,0.967854311671386,1.3327303197989524,1,0.4918620543036269,0.5175178564528201,0.5182849809513452,0.036972588158373,0.4456022730512403,0.5865881821016843,1,-2.209180271163606,-2.1794851313064543,-2.1505328108553305,0.5236408542073804,-3.1882348752513785,-1.259397300008152,1,0.311292222042776,0.2968704180831422,0.2964421843009297,0.0083566573979975,0.2817931801504759,0.3129725045694068,1,1.5982805309786543,1.8990099804204144,1.876102931478374,0.7240002893924926,0.6000096969177955,3.362553103595887,1,0.94486497506714,0.5696452721286717,0.6001962555394593,0.2382430019177263,0.095372725087068,0.947333264626632,1,0.0390270935447112,0.0176364784738442,0.0158078148779008,0.0123007974088023,1.3230345845494472e-06,0.0396780660399886,1,1.0045920266233574,659.2235560557057,1.0040921436185135,736.0226275965961,1.0044284456656294,681.0056431952084,1.0053023273662929,755.9166897262354,1.0044955363992507,697.788777835453,1.0023103589711717,1311.1988270181905,1.006741409741531,1093.9012816161778,0,500,0.5225078105483341,0.196,3168.941308736801
54,1.9085001486551276,1.9194694437416344,1.911219112402808,0.1794653193926034,1.57268456821757,2.2729760218931734,1,0.3854438734601895,0.4242349730658376,0.4238941728732577,0.0265795543060143,0.3745059754758864,0.4792762504215045,1,1.4102448821371043,1.452040122204702,1.423169753119831,0.3454662871818353,0.8253628121650307,2.1688502909936505,1,0.1755781198465801,0.2020582368519126,0.2015230028502578,0.022224121636236,0.1573788307069105,0.2431235672924934,1,1.7916069253164737,2.3301433537224785,2.2866366919522774,0.6574422347759041,1.059334412282,3.6372964926765214,1,1.188910220974054,0.9591545224836104,0.9993312315449532,0.39947131097302,0.1552703766682088,1.6429029363149183,1,0.125880759118578,0.1695544790866618,0.1707942041254773,0.0579419079601489,0.0519826899302232,0.2804442526157988,1,1.0022905752056663,1112.3626722077586,1.002580044381604,1450.649275694703,1.0024350131349224,1030.4788858784168,1.001047794090379,2354.828320793148,1.0026634680227795,967.3225173989056,1.002148311414049,2066.4785286407187,1.0017095564705734,1147.1360755981177,0,500,0.732583750284048,0.692,2612.68314576149
55,1.0803295333772431,1.0754502512786994,1.071490196414571,0.0576594293773662,0.963932636233925,1.1875308905826674,1,0.6751534486193603,0.636187970614557,0.6375435252886987,0.0356176073698735,0.5674376365390777,0.7065234135811829,1,2.842575825817855,2.937400363919397,2.9006773887037345,0.3179241912998829,2.330135228212517,3.537329874555262,1,0.4351846034177122,0.4287941405970072,0.4289322024907751,0.006079353266942,0.4170728563914039,0.4404670902809258,1,0.7075218732768218,0.4419285478713919,0.3858424505555453,0.3231334267387662,4.26601881547623e-05,1.0518875025271934,1,0.224333459677609,0.3418296168384489,0.3141333155039255,0.2126890948470203,0.0104425888237397,0.7371433635871182,1,0.0351062719405447,0.028020155273262,0.0287191185261484,0.010813893906612,0.0048633681777147,0.0482644092588491,1,1.000784072807844,1944.9761545039196,1.0012852525532052,1288.9326671143745,1.0002701327206374,1409.3320724852988,1.0012753504219134,1141.49783704077,1.0024258748371522,1049.3109580503597,1.001731296511704,2151.002859912393,1.0018721207764052,1154.567272915904,0,500,0.5574596966951011,0.98,2502.7440576553345
56,1.4138933503068687,1.3733822390665087,1.3596273559260068,0.1289869639192775,1.1384615686029074,1.6305643713277165,1,0.357488773571721,0.3603891558010627,0.3613360624209863,0.07124110958189,0.2257228770933863,0.4968902833371139,1,-3.09413489372992,-3.248567287527999,-3.1849555752803904,0.5070629672420268,-4.329960811972699,-2.399207562467443,1,0.443744090746046,0.4544129203553359,0.4520616688388633,0.0208687269860493,0.4190332243835895,0.4985133914591326,1,0.2704348423309901,0.5610043787525346,0.5094291768230226,0.3749728696108831,0.0001066693669333,1.2519785562837158,1,0.6112955858740768,0.4168446944518774,0.3764803953240844,0.2613892024136508,0.003633534203671,0.903368439227418,1,0.097153620151832,0.1223113627290528,0.1182316670870767,0.0249321747966242,0.0788538988177099,0.175973438486975,1,1.0029471507351595,1415.6341175202565,1.008112852630341,779.4005180683246,1.0074304592343897,790.7741601927622,1.0082876216415315,824.6829021068986,1.0066880358562191,907.3645917300098,1.0009319920623612,2232.1424624774563,1.0079692117149168,1075.22682330202,0,500,0.6072266722687126,0.008,5924.755203723908
57,2.0729395779146222,2.213588850080784,2.2058319779195585,0.179623508202753,1.8781649744558813,2.579785199803876,1,0.3952065107181671,0.4253676088306973,0.4248768027924527,0.02497824895962,0.3777369546099018,0.4762025126095331,1,1.864714864351828,1.671643670984162,1.654750453951419,0.3134773768476858,1.0612112616196785,2.2706108125955216,1,0.2523094922389246,0.2270609856559467,0.2256894052185304,0.0187798766363877,0.1920531732615827,0.2649847159812782,1,2.224657719906874,2.2595422183328293,2.2343160967765168,0.483293675587212,1.3771870602955565,3.2705881213937364,1,1.342894524517339,0.7788929039126974,0.7396863310986439,0.4367099037501382,0.0304359487268988,1.5670958161935158,1,0.1404872921007409,0.107740881715621,0.1058798971590626,0.0531109172965842,8.735858601947446e-05,0.1975959613929093,1,1.0031214161875903,1027.4523384338056,1.002177943934221,1318.600336977638,1.00224288357247,1082.1792634366873,1.0003874541187647,2704.132604917403,1.0023427111977763,1049.197792229842,1.0024083125045584,1767.1403756358193,1.0008240210674362,1236.43300741213,1,500,0.8745028833975146,0.738,4915.386775016785
58,1.9879507832478969,2.553271638423174,2.5332297878667736,0.2865289268571114,1.9847919663498543,3.0925303061416574,1,0.6189076465208774,0.5479688252842272,0.5448795287401107,0.0492600144456961,0.4537780390795076,0.6460903500941039,1,1.7470199757806535,2.99790885795791,2.972758434757557,0.6643488450493082,1.6715884219122237,4.319795384657668,1,0.2335386815077212,0.2153899682588051,0.2153803410833359,0.0263091630345776,0.1618918143004112,0.2639514844786018,1,1.4833071940072418,2.538749332474591,2.5082510533123354,0.5551993880761575,1.3806265546776353,3.6066804317421512,1,1.1467839915497222,1.2680686878461145,1.328341008022205,0.5581766907119192,0.1059657513701432,2.171724830122971,1,0.1476472593393166,0.1543890925165415,0.1579312337614464,0.0497694976714108,0.0539998030520531,0.2523231916800881,1,1.0058240959943632,848.8904469636443,1.001730705154949,1001.9053264086372,1.0059266985903568,720.5290595913107,1.0022009744985163,1373.609612381101,1.005659410223526,739.4558932329297,1.0017822710881064,1626.0574667887945,1.0018055321706554,1170.3088235282964,4,500,0.7651254562795334,0.878,2726.3414092063904
59,1.117366478993163,1.1358955853978645,1.1292012668764373,0.062125369165889,1.036039926277342,1.2685257285128235,1,0.6765717242844514,0.6429953569899227,0.6473016256578135,0.0420617147263913,0.5652064127289804,0.725429946847404,1,1.6067351201253093,1.7618487650680064,1.687134342535689,0.3701386663147545,1.1632201981135704,2.557532586161394,1,0.4457350162243551,0.435671739183202,0.4368882070877651,0.0115204200198097,0.4117126625507634,0.4561846384277064,1,0.7162604147848306,0.6605854039836185,0.6180147919423653,0.4258746098188777,0.0005980343726981,1.4244703298864794,1,0.1478875681786833,0.3090880475026393,0.2841889025314847,0.1802584422843113,0.0083632650079426,0.6399882844357776,1,0.1363092870720214,0.1175320238273857,0.1190162909924358,0.0152758921019343,0.0849617277852405,0.1452397527800296,1,1.0027615940662689,789.2060409543732,1.007477573705575,652.6736001880942,1.0074250003800502,621.3654913443676,1.005555855445614,722.349633228677,1.0065294402448928,594.0538704857325,1.0018339501689966,2129.6462554704926,1.0024184580447189,1348.463515249634,0,500,0.6299972512833389,0.918,5291.503716468811
60,1.8066454642433327,2.0374264140067013,2.021111194215197,0.1988086271217005,1.6908944035558826,2.4500248563364178,1,0.5881631781911152,0.457564320840786,0.4544472760583562,0.0591153517158625,0.3483964182423441,0.5796691497518764,0,2.8104335065294697,3.815329118269017,3.788155835331413,0.669609682376345,2.640324712412738,5.198077563257348,1,0.3851521785446967,0.3399725039568587,0.3395035865056575,0.0204554174001133,0.3027253881296028,0.3832957073423442,0,1.1789038781091052,1.953896570931268,1.9354680124677464,0.3975702887267143,1.2164980507838423,2.7248879592714133,0,1.2969521715176904,0.7015701918414993,0.6626193891517356,0.3937535340567775,0.0301536688671646,1.4186686913391662,1,0.1391693250803829,0.1134810162942047,0.1145727503194564,0.0262714568497524,0.0607667281177589,0.163367696710715,1,1.0051199541674871,872.7453119047779,1.0031996451027332,928.5961496080444,1.0038012915571004,873.2353892350557,1.003211372220172,1108.3169657244869,1.00348401837727,940.9475222808508,1.001680139913703,2094.346349915363,1.0030064906882323,2139.0374124986965,2,500,0.7023101633596693,0.958,7648.012221336365
61,1.726980995923514,1.5772759209088008,1.578785293217382,0.1508806372081475,1.276458328725493,1.8617906828421464,1,0.6213925230115697,0.6376871173320023,0.6338423152925106,0.0496916204702664,0.5498533659621242,0.7459535579812199,1,2.742683288961543,1.9809088345569192,2.029448903784297,0.6677665321636186,0.4825200667386246,3.097521735847531,1,0.480519940008558,0.4868104098900839,0.4848860093474212,0.015039681049726,0.459917599230677,0.5187762565050806,1,2.828689083349159,2.015951987972551,2.092479814959574,0.6816185235214547,0.4125409998500707,3.269422621195497,1,0.4658686040841825,0.6002235253709913,0.6082777803052548,0.2976582517873412,0.0450794258805815,1.1160233154106445,1,0.0771799387837317,0.0787833589296416,0.0778495777947358,0.0194201406487563,0.0411366881341463,0.1175129252527717,1,1.0028904373334788,554.6776121127567,1.0044660609197116,519.7038666887961,1.0036984481357003,507.1433429691012,1.0052730546635933,539.4640666083574,1.0033732571303935,521.5902160158732,1.0001360665315395,1459.437746573617,1.002113846160228,844.6622648828644,0,500,0.7985186937902632,0.852,6285.173629283905
62,0.7831666602424466,0.7521715197253136,0.7472086249175163,0.0464970667258373,0.6650098754263272,0.8446601570968244,1,0.3689233869197722,0.4064380316373515,0.4085565716222497,0.0328619413176217,0.3386196760536512,0.4661233527317103,1,2.520792316729396,2.006352356488044,1.938673524955996,0.426068157946516,1.2974496649982945,2.8833417505367063,1,0.1800707748225207,0.1801679639397716,0.1802690124261398,0.0068060930917288,0.1673295410013793,0.1937731034519663,1,2.115641202671548,1.3275846181769155,1.2048224098564462,0.8693038768553301,0.0038613565582927,2.991282985449522,1,0.1585356073776032,0.3179326635666513,0.3235323309023247,0.1496553379354129,0.031542538476766,0.5726832088922255,1,0.1467008509410317,0.142802893095351,0.1429548393057812,0.0113457588307224,0.1219890742973136,0.1658134698676716,1,1.0025105117984008,1242.9079954774245,1.0020443999958435,1356.1969601393446,1.0013743963019233,1233.2098218252638,1.0008798390496056,2087.2958840226697,1.005473914683106,1011.1967058094364,1.001569883934154,2060.355756318367,0.9999307217091886,1928.5105669579157,0,500,0.3014659826684348,0.702,2455.318775177002
63,1.9567884389791692,1.6345970497488846,1.610867918184502,0.097933992948475,1.4837188382918594,1.8562276368650832,0,0.5681332270789674,0.4876150223491676,0.4864144278670481,0.0215226643734363,0.4491769610437059,0.5344013875867241,0,-1.1443217897201126,-0.5676961572341673,-0.5386490430552925,0.1453272673027593,-0.8932241374298269,-0.3310528490613693,0,0.1740562302621272,0.1829071764683638,0.1836917284511889,0.0164466855753608,0.1487993916577611,0.2155103762205046,1,1.869891571806408,0.4700483866092808,0.3480768099895673,0.4091120522162096,0.0001632735195236,1.347104011458542,0,1.522144487594321,0.9883713774285156,1.0211233757207132,0.2582998512727624,0.4363065945647325,1.430919760160685,0,0.0663503746637053,0.04679984962331,0.0390964300991368,0.0359587914347392,3.422297357287903e-06,0.1165548053355808,1,1.0037855675804734,651.4175185743227,1.0060568170830768,727.9895513732612,1.004438862566533,660.4502230601752,1.0022939826129822,779.0378899295548,1.0041198609376354,629.4923402045313,1.00118812569299,1528.5705580884385,1.00276841338427,1494.6170970665778,4,500,0.7902954249172363,0.302,2120.9059562683105
64,1.1414396258556208,1.119433195881255,1.11101103440906,0.0585042315633688,1.0167239134603232,1.238432575910947,1,0.6871613189954707,0.667288189984598,0.6658115713799957,0.0228441028836284,0.625723654402295,0.7145028317308114,1,-1.4249628048050331,-1.5376474497462005,-1.5008231525831175,0.2459822263063,-2.022870906948432,-1.1190944560927076,1,0.1888518565383153,0.1906807801095978,0.1904124175708569,0.0093749035748547,0.1727009798626923,0.2094100427540298,1,1.1275968046817082,0.9639010546749818,0.9236618540741816,0.5744608448456824,0.0051493667978501,2.0183282456711997,1,0.2764205598277893,0.2753198492957713,0.2531506084094416,0.1679981033591036,0.0048089695456907,0.5887778996582518,1,0.1109959446380119,0.1139672813093858,0.1142229154167555,0.0212879264786037,0.0728501614537254,0.1552249831850014,1,1.0027354394047687,1046.5840149850626,1.002885453571764,1077.7251021261927,1.0040974083002538,964.7540147513052,1.0008949145951755,2416.170088932864,1.004183670172588,871.6867959417098,1.0016473898940492,2084.7812769112857,1.0007040494587625,1798.7069635880316,0,500,0.4477825454007883,0.334,1913.107619047165
65,2.1431050109333616,2.1879574891498743,2.1445481291970907,0.2603081660034664,1.7216772268374974,2.691474814754965,1,0.558879724956109,0.6022525150260767,0.6123664399320776,0.0833885219205726,0.4282073052449197,0.7405846387218367,1,2.6877438880008304,2.598318062512406,2.46928819279158,0.5693924354976966,1.734081845025921,3.759333349838036,1,0.3800577107700521,0.4032019648740962,0.4069631017640949,0.0404874513397598,0.3253578405734299,0.4786039915456427,1,0.5671695517179353,0.5575598468854801,0.5287435005958829,0.352985123325079,0.0010106530252893,1.1884892750329072,1,0.4832187703747638,0.7364936556521667,0.6760328408096623,0.4502145990034158,0.0317619932749429,1.5852208898501976,1,0.0813069934234831,0.1100327898673946,0.1125346461100309,0.0477616419856155,0.009804278471807,0.192149422933477,1,1.0082080769113493,821.709625979262,1.0059213714235575,638.297831401728,1.0085992942432618,602.0632109752485,1.008504425992347,590.7261648846928,1.0069574038399012,673.4221441827277,1.000890279627329,1675.123942585628,1.0053511047406885,768.7811357460353,0,500,0.7519587533677625,0.996,11116.29816865921
66,1.3609544810625678,1.4445350728494937,1.4377390482762995,0.0966111952234341,1.2674410249754495,1.6323085647841586,1,0.3618795898892952,0.3190437754004561,0.3141482920392999,0.0519431894867608,0.227561374772569,0.4224467709055745,1,-2.5583859896688748,-2.283482850344834,-2.216253807344206,0.4582022358858488,-3.1823377458415907,-1.4913427017624763,1,0.2492725879963681,0.2466469827859173,0.247128523285679,0.0147787701372873,0.218813187362919,0.2733903722861832,1,0.8515367287911911,0.70325165485874,0.6908270871485909,0.368824879292193,7.10754244688274e-05,1.3201187555287113,1,0.3124582982345443,0.4626332411475339,0.4233804818446183,0.2713859586702353,0.0161203165066646,0.9698082878522908,1,0.0472277594772435,0.0494666301386264,0.0519150503311724,0.0244048293619378,0.0008967801925574,0.0876440504098089,1,1.000300571849544,1309.624463467293,1.0014218157526966,865.7231181709672,1.001511752989772,752.4962296320155,1.0014595315845465,840.3529784756297,1.0027139154998228,760.6636628033556,1.0007920152147287,2492.4888685555384,1.0013368286155366,1048.9256256326328,0,500,0.4505083294517846,0.024,5469.3217487335205
67,1.5684643308455213,2.2871585123647145,2.274785391536745,0.1777892823212478,1.941697831171491,2.6211442406922014,0,0.4677453518541744,0.5507622962375709,0.5505612282297985,0.0232677102677029,0.5049365438897074,0.5967653820274416,0,-0.4618863274413551,-1.5250123520897172,-1.502263764755925,0.2928262844379176,-2.1308881381817097,-1.0073851821054332,0,0.3542375074791337,0.2957196968453358,0.2957912356269268,0.0155952705145742,0.2640699136228168,0.326043082915155,0,0.3248625997565278,2.5701201581307864,2.549551779659464,0.4859850621307084,1.6441560138555258,3.5289196513989456,0,1.3341033766979924,0.5779678265898898,0.5113481625492228,0.3684885820491076,0.0210667919653428,1.294213184063762,0,0.1089552046176959,0.1277244364225891,0.1284696998741039,0.0375714668036795,0.0546913397458306,0.2020956796006782,1,1.001719069555728,1019.5536339195132,1.0018597373500422,1510.1642415879053,1.0013790256641053,1035.5207714042365,1.0016175654464698,3088.7261906026806,1.0008480599620115,1052.858325900971,1.0011148161427266,2220.6152599616435,1.003018999190625,1690.2920200267838,0,500,0.9553709766997908,0.29,4627.446872472763
68,1.2844642416619123,1.2026665085213093,1.2098085573756865,0.1121607287336117,0.969862127691288,1.3948291202924343,1,0.5611393599054219,0.6136470764283684,0.6061149383099386,0.0489881533719473,0.5346661527522562,0.7209736853925501,1,2.4761417284916805,1.8574409828817389,1.9225825710618625,0.6920357592503183,0.4205313465645915,3.035765504074136,1,0.3931027435272136,0.4053284024002204,0.4035184856519942,0.0117281030984074,0.3862340074065517,0.4307700541097478,1,2.857122463678678,2.343160890623912,2.420082426214948,0.8325271650376527,0.4669982226605233,3.779392002126637,1,0.3671780908088144,0.4655016925210055,0.4487567636288146,0.2605290137899567,0.0374213111893605,0.9159608434536566,1,0.071036371687243,0.0738320994380402,0.0740805381344425,0.0146954002486509,0.0446009263840449,0.101152660289705,1,1.0024486845930494,688.1786291331538,1.0065094749209351,648.0741250237476,1.002985709605159,635.847532832342,1.0025301418802175,683.3205399410258,1.0028809110191212,666.6855930812775,1.001220459406721,954.6387552041195,1.0015749280458084,1148.0115823969982,0,500,0.6200447945177868,0.792,2079.58277964592
69,2.0571835757617887,2.035497840662144,2.017492152534559,0.0992022668040105,1.867146857111742,2.246720363427752,1,0.3471018156683036,0.3584254354796631,0.3595428464634138,0.0208464097526497,0.3159700448240025,0.3980288158950213,1,0.9928230465025843,0.9490315251308218,0.927679887797189,0.1278863143803368,0.7326312848844263,1.2141574327323537,1,0.3838402434851218,0.3940566055819331,0.3927369107629462,0.022547861693675,0.3516615129022749,0.4412348593016223,1,0.3454127654941168,0.3864510824757145,0.3437334278178319,0.270487378755355,0.0001351380891652,0.9062672154873485,1,0.7744870673245376,0.662132147666861,0.6335336914673528,0.3732800515779765,0.0040021731638175,1.311402636767263,1,0.1142305297421887,0.1413212734258232,0.1397558147959359,0.0522170533207004,0.0373768529289992,0.2427773082157554,1,1.0042151669828825,775.1621800431022,1.0040554294496715,785.9783708388563,1.00446302093391,772.5472178216762,1.0013442032220154,1458.6888398346775,1.005847237209245,623.4512297931758,1.0008066754155525,1413.0712577605354,1.0002246056399735,1381.743232606418,1,500,1.2491270125079077,0.736,4549.298499584198
70,2.0027380553910104,2.222287824652174,2.2109655667530177,0.173122137408261,1.880212067842624,2.5661677359306463,1,0.5236540095717853,0.5648581924087012,0.5659928041590531,0.0346603365634852,0.495080932542521,0.6291314035520529,1,-1.3910736820767788,-2.0304316805576117,-1.9855698171089664,0.4169426675679581,-2.876737402974068,-1.288232167544398,1,0.3099699798039244,0.3245680349242543,0.3220646703978708,0.0293255715675112,0.2749150842182859,0.3852406031237825,1,1.1077745029120667,1.7267550258494253,1.668113945916423,0.4363960571239763,1.001698681857365,2.643356600839393,1,0.969994405488686,0.7827425076879658,0.7537722536732794,0.4379628025631502,0.0438717596620769,1.572461022619405,1,0.0636872650315657,0.1788688669808944,0.1792881628070321,0.0782426876188009,0.0177200501420945,0.3125873037731742,1,1.0046917372229711,1018.8567276089008,1.0030568662676889,1029.355738275691,1.006018665869312,835.923151591723,1.0006417321202343,2158.0329265505784,1.0059646539511262,873.0421306975473,1.0020143415480205,1743.1394747542502,1.005867626469362,1084.191855240441,0,500,0.974245069587757,0.168,6191.172147035599
71,1.3096359502555952,1.4054205822970962,1.407544576172783,0.1164408804744674,1.1575474130643857,1.6104315699003728,1,0.5672253944711052,0.5608263078974537,0.561116409814258,0.0216836142096195,0.51786353455764,0.6012096435865995,1,-0.5430448788650137,-0.60931263935315,-0.5949087147949624,0.1979184852462667,-1.0026848220719655,-0.2482268796076283,1,0.2082367847333883,0.1927636034748608,0.1923208020146099,0.0127779233881424,0.1669731776845529,0.2170294574312975,1,1.608771951420761,2.013740873909766,2.055391782669097,0.7462908919162923,0.3507957492284141,3.4183761274845064,1,1.0311242700893708,0.504077595097433,0.5047906477319746,0.2480368687925012,0.0411491810690002,0.9389677385000332,0,0.1489575687077696,0.1588005573749585,0.1582709915681928,0.0271002230437688,0.1067893180424201,0.2114053354377646,1,1.003759841666639,917.773808329307,1.0024279695046252,1688.425145668908,1.0015506883460716,1365.03723480475,1.001466837427806,2364.3437494458653,1.0033822946848108,857.6097668025086,1.0008347043390018,2262.9926075632843,1.0011154830115037,2165.467415461722,0,500,0.5503377626288215,0.432,2151.957164287567
72,2.041780092172629,1.9852612237199527,1.970037587721457,0.180471892790569,1.6344541633470415,2.321804360806627,1,0.6455112341722913,0.6226465769232925,0.6225121198643477,0.0269430828205738,0.573299270919157,0.6788752893234098,1,-2.108451687646615,-1.911109904653589,-1.8847586702339063,0.3431104860750227,-2.58659116573574,-1.2831825450879886,1,0.3897406065150808,0.37569011248197,0.3749867576961543,0.0157529047739342,0.3484255963178497,0.407055128340592,1,2.340587364695034,1.9893349941909384,1.9548593519430757,0.4823458034691052,1.1146587091291642,2.967886511634676,1,1.4936524810904923,0.9503410494295884,0.9822568104991322,0.4305912270182654,0.0888047406122595,1.6447197469980317,1,0.0481949151290275,0.0448931289539881,0.0354964554777999,0.0368589575628429,3.247380297767532e-05,0.1164579551898741,1,1.0021602837798336,874.223512711327,1.0013431154109536,1049.474505051253,1.0015634592929348,885.5179184353866,1.0006430351589413,1746.392081742449,1.002570940824599,855.7729558242432,1.0008133801212025,1626.5244417979286,1.0014788891309871,1516.9904802768458,1,500,0.9404331374338376,0.236,2330.150690317154
73,2.3566625208350453,2.5084021332075883,2.500174910657912,0.2028443935054256,2.113883909330349,2.909821201439515,1,0.6810570454056011,0.6220835219114705,0.6216173618309487,0.0275558590686594,0.5662957239707889,0.6732720494235214,0,1.2062888082619434,1.684315280248042,1.6688656441380132,0.3633537333093518,1.0122867265920696,2.4231864815401774,1,0.4858220978701835,0.4713999401265313,0.4713940707694459,0.0159197825230833,0.4402685219160809,0.5023001226747529,1,2.8870837154072198,3.303048342467393,3.2878204643317006,0.5238056948140819,2.3017348043285115,4.370663827690803,1,1.338265956612834,0.8528872013373113,0.7984445596941969,0.5039357354163766,0.0190026811059165,1.769153802843338,1,0.1247240174902247,0.1492958096093126,0.150904858866925,0.0297607058948651,0.0911903255883964,0.2054632647802938,1,1.0005265723768122,1472.9579609207592,1.002361887066946,1740.5945183780964,1.0014747656760996,1407.9488207219006,1.0006299552363096,2015.3015043599096,1.000524062244743,1415.7113142414553,1.0017884137866484,1972.2233600359837,1.0001687404952018,2521.091342317922,7,500,1.0750823498825914,0.71,2200.6366028785706
74,1.0912806462316007,1.0605543770543104,1.0535909631977756,0.0579502667114397,0.9550032254651184,1.1793812639477377,1,0.6633414525337914,0.6594709518296209,0.6582612630608977,0.0259582942254714,0.614551341089118,0.7172599771749819,1,-1.6686691109656109,-1.8475596752280028,-1.796194761911824,0.3164967370645126,-2.50210267254358,-1.313794055971952,1,0.432375883736743,0.4333923157148309,0.4330426549084031,0.0111831762352953,0.4115119590429687,0.4549611787377927,1,1.6464755190590894,1.2241670138048872,1.1639605588502944,0.5899504736334875,0.0355618256238625,2.326679452336532,1,0.0905342993932469,0.2981518758543972,0.2770439947995561,0.1737815934420509,0.0056302714393769,0.6243305583334005,1,0.1369641746265191,0.1228396357038778,0.1218548907732897,0.0246952332358255,0.0762113084874004,0.171910752338332,1,1.0023693110626517,1407.104217490401,1.0005548947350211,1461.2400324883,1.0004002195476367,1299.8978166550671,1.0002166835689557,2139.728875914729,1.0010378996990088,1282.6841069336456,1.0004080857961568,2383.9396316288994,1.0012985991940335,1787.7183395119127,0,500,0.6565352562391396,0.302,1493.9675538539886
75,1.4904831200087456,1.5628753679750969,1.55750711163794,0.0938587979246626,1.3791453744893398,1.7419257160153914,1,0.5494092136021128,0.6131838909567983,0.6133359668187404,0.0339203346899021,0.5451666645297512,0.6765041305148481,1,-2.286601037371089,-2.7440754355350725,-2.7174339742723177,0.300998807094912,-3.341705318175645,-2.220806419410039,1,0.2858918083367373,0.2666416050837975,0.2669082065057189,0.0189192019828723,0.2302695320068997,0.3026202008474511,1,0.4585618087383029,0.698361936237615,0.6999206406232084,0.2833315886120529,0.0659941945083872,1.2197520321545574,1,0.7589833381396323,0.6533432385321812,0.6540830457920699,0.3236201195727993,0.0684598546269966,1.2277263703999988,1,0.1320881614280335,0.0994729882203986,0.1021163831843747,0.0382371026419974,0.0138836979956144,0.1672802059006919,1,1.0024465699611134,1237.3568435369502,1.0037062093561928,1279.5986200689613,1.0045554626971624,1171.9871898562196,1.004808690586337,1383.8784863727078,1.005784499189183,1028.3625087087023,1.0008887088090108,2035.462574391219,1.005456960516373,1435.8067299781742,0,500,0.6046141753705994,0.056,4590.011684417725
76,0.9589957329431228,0.894515452946193,0.8873149879176077,0.0486879490624642,0.8126143123834293,0.9983469951018238,1,0.3332170178307723,0.3426661832735731,0.3431870034236604,0.0242946631477291,0.2952005587121896,0.388801042916981,1,2.165284909946811,1.91122205032098,1.877619597043478,0.3137902734687813,1.3318139927536825,2.532630644398673,1,0.1863508613739604,0.1856708946637397,0.1853703755479331,0.0051184719741907,0.1760974876567322,0.1960255815043765,1,2.7211711256435307,1.4621489295903716,1.435970434478885,0.7167313207782825,0.0351337940680187,2.760303670257189,1,0.4294308933729877,0.2562709463781393,0.2398807835834718,0.1448023256732007,0.0049959246517344,0.5150763093801762,1,0.0836089068277702,0.0786646888587957,0.078118550131051,0.0103152808317805,0.0590483257570302,0.0985709203586272,1,1.0017840262307192,1357.465068657024,1.000967161457919,1320.5712284172212,1.0021149806898977,1219.9781791869143,1.0006911252363495,2645.69284445903,1.0015662164274513,1118.3370152895411,1.0015746182072982,2349.307406479693,1.002146738831798,1935.9658493950676,0,500,0.3471877973942751,0.662,4883.601853609085
77,2.244869919840133,2.1281553927681007,2.1208285316112683,0.1518460622688262,1.8352546499828155,2.414967027975181,1,0.5431036595777767,0.5520994098762484,0.5519301241662646,0.0457611608433378,0.4609906695359192,0.6403744574761596,1,-2.4500985984432635,-2.3182441222253587,-2.280578665964153,0.2498594083688383,-2.851371762779193,-1.9276163160722213,1,0.2043827610628793,0.1976553316790943,0.1954297948082176,0.0350696443088031,0.1350177141959962,0.2742777831379078,1,0.5002749244594484,0.3228784911815567,0.2919512104831502,0.2232814540338445,6.468377250263082e-05,0.7256889453712294,1,1.9729976060845569,0.6802547044177752,0.627955530073772,0.40825998063421,0.0198916253300784,1.4465653993810514,0,0.0535783404576041,0.1177275966269068,0.1142178291814485,0.0614929028299,4.764750270062861e-05,0.228000156778355,1,1.002069498656566,1001.2238489900956,1.003754736309534,949.3583245753832,1.002173610422278,894.2940957958695,1.0044160996875162,1052.6299575005696,1.001753867698851,858.7171465775696,1.0013856261266474,1878.7432248078564,1.0060004933699669,1034.700890086478,0,500,0.6992927616418004,0.018,6693.392999887466
78,1.6924643882472492,1.4942310621074495,1.481377640043715,0.1146236340105548,1.300292312151821,1.716399575142274,1,0.4615399589309407,0.4209743632819425,0.4199844309728771,0.0254759515007166,0.3723592661771767,0.4710484200509686,1,-0.8872201920644294,-0.5814427548348068,-0.5494390884160263,0.2522857885637467,-1.0850987966529193,-0.1641755723385503,1,0.2292495402403162,0.2387975084722018,0.2380037049118633,0.0131636810923045,0.2129235383081055,0.2642370086693388,1,2.289133344954694,1.1620137155715866,1.164576482593208,0.5982479201394171,0.000788582354837,2.1691375264158537,0,0.2557863551370161,0.4120237955272364,0.3908371589767012,0.235802070848399,0.0029949753226523,0.8257600545656844,1,0.1310202852746839,0.1227832479879163,0.1221079327102388,0.0247644287029622,0.0748762959019818,0.1720936067445529,1,1.002806589472687,831.1489533113255,1.0043151695898564,1050.973135990368,1.0027314360288349,829.3671692858193,1.0061261128441623,1330.1439482209882,1.002970598234686,790.9959893470831,1.0060549281025684,1546.7330667807344,1.0028823245653906,1980.6020612924715,0,500,0.6736320645430064,0.312,9665.07231926918
79,0.8009868883808566,0.7877068384105214,0.7820443007120772,0.0537088676383934,0.6893892013225287,0.8889562052885572,1,0.3480915973168906,0.3698948880700158,0.3699246278907222,0.0253295986599989,0.3223607883511048,0.4218660417614666,1,-0.367730178719476,-0.5131903814144202,-0.4713912791465356,0.3878410544237158,-1.30921751361033,0.1337309808238265,1,0.4238474007490769,0.4210928664021262,0.4207660960045668,0.0048314827873897,0.4123870947518362,0.4309573000810346,1,2.255468878324581,1.843160203773268,1.856893409996054,0.9829154382016624,0.0012421674253593,3.450608310318217,1,0.0733248723760967,0.2667991501760229,0.261104877861211,0.1361345803402524,0.0167667969617284,0.5063687642047355,1,0.0650002028622763,0.0601038858971252,0.0593308450139703,0.0085420921809046,0.0451562002600885,0.0783467322945322,1,1.0067914785571723,792.3840385456621,1.00413941750071,971.7315562518978,1.0067522418401404,768.1768699846515,1.0033221409559194,1121.274783242024,1.0065703227807452,764.9588238374458,1.00065871390766,1722.6738661755942,1.000845614694575,2108.6450954421584,0,500,0.544181752849632,0.334,9693.692887544632
80,1.9192523470024916,1.844486660533715,1.8540393691646675,0.1790574823372334,1.4161811436876104,2.1570320286496583,1,0.3252500565990566,0.3078600912523747,0.3124861237292111,0.0442235389426709,0.2078340206677882,0.3905111038067235,1,-1.8402711650029149,-1.6957275815113195,-1.7471546413962793,0.6370294336477924,-2.721574338991454,-0.062709776876553,1,0.3388728373674057,0.3445065924367983,0.3410512717521044,0.0168692245699995,0.3169205280702202,0.3845694025847828,1,2.654290389829171,2.2725377599862795,2.360194172218779,0.6882250042581488,0.5530536444350159,3.5965208859987654,1,0.5363991287167182,0.6057865207907623,0.5650025994126555,0.3457812131584963,0.0241700619543445,1.212315511402197,1,0.0422069384409211,0.0494843682059389,0.0480090087729801,0.0276820053098578,0.0002446878890029,0.0992259819707297,1,1.0089415766815155,584.2445488020109,1.0075050109465375,566.7247245853017,1.0097845694629637,546.8261954840968,1.0067683798529672,595.8981570843251,1.0115021333457184,538.8447988407324,1.0014490977548922,1282.6946584836894,1.006022781312857,671.8431425983094,0,500,0.7224544536287469,0.182,2916.68581366539
81,1.5507894049317767,1.5406423751664386,1.540039475142173,0.1382767317753041,1.278778140826472,1.8205837415370156,1,0.3065030740787196,0.2995008805383616,0.302015633024413,0.0396718804765525,0.222454998314415,0.3747329311340778,1,-1.7787549470217368,-1.7998206220142623,-1.82930482005902,0.6693249506856498,-3.018262215784095,-0.364517095522677,1,0.2212411472148077,0.221228717855241,0.220384282009259,0.0112668987549287,0.2005121756235282,0.2433819796478765,1,2.5993512165291737,2.743933979378744,2.76944244928282,0.7165732312704408,1.22478059572618,4.120171882362035,1,0.9521272257440908,0.5998829346746588,0.5925464042247524,0.3218154905053837,0.0423441379596623,1.1633376502531585,1,0.1072260491132547,0.1186449594905267,0.1181538153525587,0.0145452699565511,0.0919622140362841,0.1490393149203953,1,1.0043864511824283,741.8461377407784,1.0027832290028649,766.5551649330581,1.0046230612978773,681.9509254893793,1.0031968659159989,795.5265735576347,1.0044895550149362,716.951168821778,1.0018743686658564,1159.1554168285338,1.000790789467054,1523.5855423385988,0,500,0.4876237774690581,0.21,1515.6444873809814
82,0.8514946632422807,0.9024857454590688,0.8983806232875275,0.0749482375083316,0.7669958212565,1.0386561842469448,1,0.6572604060546272,0.6147130053816472,0.6151042561122992,0.0246040656776027,0.5681405379077128,0.6629684931046496,1,-0.1684114830766008,0.1187433713714338,0.0814572229839989,0.3006442216451777,-0.4326036400939366,0.7166602521533592,1,0.4601153377781996,0.4569115866682789,0.4566898913742017,0.0067143451520055,0.4441399896170863,0.4701838850489139,1,1.991823340880461,2.1757324770485367,2.2287076828467978,1.080656187810545,0.0002684908008287,3.89287098247694,1,0.4661438137949983,0.376273180777096,0.391259887855905,0.1731913389514931,0.0142884659253964,0.6471308247045133,1,0.1166027149555455,0.1147142083703878,0.1143240054417478,0.0119830453984836,0.0918261701620122,0.1395998493433488,1,1.0019179594210357,927.7519945348909,1.0009552815046308,1576.8285776241328,1.0017445366999935,1167.7236867697677,1.001863556033525,1700.3800171888004,1.0049297102153287,889.5639268679525,1.0019045888354277,1641.7066130299474,1.003272866429213,2382.5263981394905,0,500,0.6161383782502401,0.596,2939.7298440933228
83,1.8632195420480984,1.8965649744088555,1.8849287549730085,0.1422409708083334,1.6443719127907803,2.192966242352496,1,0.3003041431758604,0.3336236950014716,0.3328844505441495,0.0423500473263721,0.2488586432657046,0.4160093553175132,1,-0.9530619891972916,-1.4654817228332622,-1.4515329794231568,0.4390818032312833,-2.3450834175281705,-0.5939011314211569,1,0.2446485309458951,0.2355879692140213,0.2352063435502921,0.018316005515144,0.1998028985912273,0.2717350772860786,1,1.1624705567411058,1.4893757654676474,1.493962011887037,0.4003924156484952,0.7319386536995605,2.321417410741501,1,0.8731491335026071,0.572025833207693,0.543335863347072,0.3307295543880983,0.0039148196640973,1.1585909880430818,1,0.0840327954069988,0.0872236484770661,0.0882395540005751,0.0282694185230241,0.0282972765036811,0.1414113959280687,1,1.0028021937743508,1085.7764499657485,1.002652502046545,978.1274144669438,1.002957909879388,943.2964359611188,1.0020649461074835,941.4750241130292,1.0029465494718293,991.6911017835436,1.0008269736136697,1733.0782232941572,1.0016432229705032,1078.4985867849034,0,500,0.6837642425000873,0.146,2243.3555042743683
84,1.6327584146939058,1.614851888702697,1.603474628634875,0.0909268961747761,1.446010780407078,1.7965699226238108,1,0.499178662115966,0.6189801943821953,0.622685798523297,0.0441765850576249,0.5230210547286989,0.6979351414260244,0,2.59062914998114,1.7348565954266617,1.685472794913901,0.2642422496492327,1.3126354395006896,2.321781772279663,0,0.2436073823946942,0.2585655995267943,0.2593346623084704,0.0209002198372618,0.2153513459158102,0.2978901588986585,1,1.0698815229258145,0.3663703912426387,0.3197220365695716,0.2686270166202889,0.0002196073388994,0.886527235745206,0,0.6250515425807273,0.5321437270358903,0.4895219145819989,0.3211597465475626,0.0030911310528547,1.1110319364140049,1,0.0949815686408489,0.1024883221051808,0.1039879421007051,0.0329229023174294,0.0360160381950728,0.1638269301102968,1,1.003871514079164,970.5343058843802,1.0034956778506074,843.6307104428912,1.0049862539561336,748.1211385978579,1.003740643110924,835.1741287967131,1.006627691924838,573.268445150298,1.0010553688146893,2128.603526132656,1.002707951548511,1433.9541872172488,0,500,0.5925119810139324,0.962,2090.509820461273
85,0.6646729399216867,0.6450312716300541,0.643039730315763,0.0281212536138289,0.5923705017458945,0.701491588332946,1,0.529431390287377,0.5024353760468397,0.5026363264084814,0.0214097604028495,0.4607768387118811,0.5445099900915807,1,-0.4157294455941152,-0.4812970484086801,-0.4797471523475758,0.2260146990480264,-0.9237367299850892,-0.0309203302204905,1,0.2713522578248146,0.2705147613592421,0.2703457230924603,0.0041569624980411,0.2628292157210273,0.278948686933453,1,2.7494287183649617,1.0756250563696244,0.9627850716069098,0.7580633017267941,0.0006932511787064,2.4729449792773663,0,0.2439460011475735,0.1396468508157632,0.1241968699966153,0.0893844631945388,0.0009536082920264,0.3029819090293291,1,0.0694085197227867,0.0702743154369717,0.0702296518433045,0.0085178270632022,0.0542200751724256,0.0873336987474817,1,1.001293564681394,1417.200738473689,1.001681278595548,2121.253736614027,1.0001179589466354,2011.119355572754,1.0012363206871044,2254.2964595952594,1.0005462646429413,1304.6097184001885,1.003817479067751,2001.144546742719,1.001868121213755,2085.1084170258064,0,500,0.3690550006405128,0.434,1750.8576965332031
86,2.175594402303662,2.2118268940620998,2.20546147100136,0.1909406691810226,1.8451146546136568,2.603475194313205,1,0.442310040079306,0.3933074922759664,0.3943801588964052,0.0345415929056654,0.3299423363615432,0.4626012086209596,1,-1.965690224780818,-2.05849840007759,-2.056101662365739,0.4582207887527196,-2.9967693072549784,-1.1973446556427134,1,0.4884690945281355,0.5214098043867614,0.5209161670618712,0.0158938246531255,0.4914364372633874,0.5545977581676999,0,2.5156125402626444,2.8412528565760327,2.827026926593178,0.5220944667096056,1.8180749799453528,3.886874053789259,1,0.3664784115718774,0.828855787944391,0.8016050669114665,0.4442597090992281,0.0315271553908011,1.6087467325460134,1,0.1393166757801059,0.1694057241828581,0.1690596840348941,0.0257637122542189,0.1217845974426824,0.2222005759731731,1,1.00560135916295,758.104866126054,1.0049955670749728,844.6266596679766,1.006482171801995,705.2998473746349,1.0019532879117696,1234.1540430822577,1.005021459187347,744.4249654413906,1.0010667409961385,1644.1620689919955,1.0008947385051297,2136.396289251196,0,500,1.0243321423561138,0.222,1690.9485912322998
87,1.7425072680785116,1.5054063308600247,1.4901250476890135,0.1200575536618416,1.3034735681884742,1.7492592894436187,1,0.6005096736763744,0.7427711525264995,0.7525218819460631,0.0557261935445948,0.6352754370787101,0.8335612676539428,0,3.061653836804834,1.6835507057414412,1.604811989465147,0.6711936151956917,0.6597140009140028,3.033899069481929,0,0.4674139265781606,0.5040231167977016,0.5055511884245812,0.0181892797964423,0.4686965241803036,0.5347433785325456,0,2.3115421013202724,1.1401066461803355,1.1524905394956944,0.5567881534212636,0.0004137408684205,2.0647929383317414,0,0.3225142670673899,0.4838400989532346,0.4592789444959416,0.267352127865702,0.0158214178038456,0.9566390809774444,1,0.0974239796457449,0.1144203146545937,0.1156027244078495,0.0217971728567894,0.0712795416637871,0.1530496442451909,1,1.0088601197277087,428.2157736627,1.0087801313386042,381.7915836017432,1.0090936940973307,356.6114026655916,1.0082448833900466,394.4339490754614,1.0087827882312157,367.3494428204053,1.0012935726044512,2222.0218461567474,1.0038126645312162,684.2040370474713,0,500,0.7419992406608025,0.93,2411.5410828590398
88,2.3930409350271096,2.524375157769174,2.504826165113217,0.2336405661912248,2.082974707047376,2.9814227193954785,1,0.6907461175895507,0.6405092273313008,0.6393808479827614,0.0350009239872425,0.5724747501094979,0.7091104526635836,1,1.9710382120610133,2.527114688715044,2.517779229750332,0.5143134858947054,1.5788370123326558,3.5650078190529944,1,0.4719061773866546,0.4618897433744523,0.461033323886588,0.0147558990158111,0.4353858106509689,0.4927080669340348,1,2.3966231142453265,2.836913578941167,2.824274579910301,0.480438211928575,1.9607185252749175,3.8036470092998256,1,1.382586748979186,1.023960073384872,1.0200955793489963,0.520911867217047,0.0377254550023986,1.8993642014225305,1,0.041359833460795,0.066677785439914,0.066402780495065,0.027040104354806,0.0140613500146436,0.1196599043253497,1,1.003673540893251,1109.0095933472994,1.00536106125535,1135.2612848395956,1.005787588044103,925.0790453496862,1.002984777152724,1341.4285883418645,1.004257804116027,1035.3892458173782,1.002329313678268,1938.5493817617096,1.0036760217593903,1609.1785061897615,0,500,0.9864645393322544,0.828,2085.883101940155
89,1.6700704633132206,1.5838067737652346,1.583430522197386,0.1413924200181834,1.29106149023699,1.855698958567591,1,0.5327420014698996,0.5697444542634013,0.5654227771415111,0.0442369431739078,0.4906798940932757,0.66593748445726,1,2.931387929650072,2.2105007395023897,2.2342871459287617,0.5684041807106591,1.063259884577235,3.3845501231346,1,0.3687491671077337,0.3690938557565877,0.3677992093316198,0.0137671440539967,0.3441305098527136,0.397790619251873,1,2.813399937365185,2.2885510490661627,2.3205674708504045,0.5890371434326214,1.038340141283239,3.399271266257716,1,0.7615588288665772,0.5833511664940398,0.5679043307778181,0.3236356218816804,0.0144652242972616,1.1373681321723774,1,0.0765609861664649,0.0626450098857619,0.0642717470986939,0.0226988013247641,0.0161348005272553,0.1084202833044185,1,1.0030116697044,774.524736874254,1.0031160882148693,802.1836894407762,1.002918144993337,756.0783569943172,1.0027639065210054,778.134718978725,1.003286467412002,781.0744750417897,1.0026409235299885,1174.533429342803,1.0018410651118654,1176.6998697942229,0,500,0.6960110144533695,0.828,2069.645921230316
90,0.9878857775529246,1.049732551870276,1.0419421932578388,0.0569148744371272,0.9472124083046036,1.1657530745202296,1,0.6535023343064938,0.6636429761658994,0.6630185931605928,0.0221977432215438,0.6180944191330033,0.7052883376688307,1,-1.203949641797597,-1.3725106359024917,-1.3512675976973942,0.2336357344914038,-1.8349651573937409,-0.9454291481202114,1,0.493396192506215,0.4845674942592203,0.4845586293814407,0.0077119130115569,0.4694680573366254,0.4991702738021808,1,1.227846791015947,1.2022755531603124,1.1769617043374474,0.6357530540505443,0.0007763536958087,2.2991627314284546,1,0.1167366281925154,0.252876681355505,0.2327752406303884,0.1544926632746089,0.0015770483271845,0.5379108114448956,1,0.1058039773216648,0.0933674839777237,0.0934335133793967,0.0172708600582964,0.0597574350898497,0.125948926762321,1,1.0006561479719571,1212.6126576247177,1.0026564441848915,1243.387441863892,1.002016787706939,1159.7850562244698,1.0011372783413055,2063.968608218262,1.0009974878236956,959.8229356109052,1.0016139205867975,2057.1060850277936,1.0046002142110089,1758.5540923914368,0,500,0.7108751011389296,0.384,3828.410820245743
91,1.251812128467826,1.149645329932908,1.138672415291059,0.0712790695776958,1.0283943225043106,1.298131020033134,1,0.4238590059815565,0.4319105214357513,0.4318495796785028,0.0203999356394978,0.3897635387984305,0.4695834408273024,1,-0.3064497535322124,-0.1257797266475351,-0.1125432265502458,0.1600498017206726,-0.4724531850035817,0.1599966942120066,1,0.2926110092375956,0.3080027919375482,0.3072037437234322,0.0112155731991408,0.2868862064029973,0.3304749707820499,1,1.437486919446616,1.0679077571901552,1.0107880053985667,0.665393369427384,5.808577208857419e-05,2.270745639573041,1,0.1935802033859775,0.3106616609760158,0.2894018895207163,0.1817254327287648,0.008181401259638,0.6459500190473739,1,0.1158911303216684,0.1237402837399283,0.1230820431668641,0.024728810407748,0.0752649065163859,0.1718751797296724,1,1.0069090265685965,1201.868223465192,1.0009758996030558,1913.5750148322988,1.0047469011870804,1451.3577728447733,1.0024463055394122,2114.9115446747182,1.0043597309325245,1144.8000900590475,1.0003348859791854,2512.391528936153,1.0040241986233114,2072.749232646109,0,500,0.5968365060126769,0.418,2784.75829911232
92,1.1396204333490885,1.1718502778984423,1.164375315639917,0.0743159960400257,1.033893352248641,1.3145342582920316,1,0.3656018431690927,0.3323172476276434,0.328742233892921,0.0483023116962588,0.2426982148806026,0.4275192923592343,1,-2.734115088221602,-2.394515788265862,-2.342857006897064,0.5648281632616065,-3.5343396114254766,-1.4370659505196532,1,0.3288535544450965,0.3285301817500206,0.3286907606233658,0.0095805384408113,0.3081180938832994,0.3470258486012511,1,1.2872391080732777,1.1121437676736237,1.1226719463315284,0.4887586958678018,0.0888224445976915,1.9869368457333267,1,0.3996485835296127,0.3401625324439246,0.3156808062059759,0.2030278749735893,0.0080014671583837,0.7035916362787892,1,0.0514546142184891,0.058298062508692,0.0576075673542135,0.01225778831065,0.0357366646826475,0.0842410060335591,1,1.0030939551654998,1028.1875144559378,1.004187510737996,815.5977193075429,1.004547864254588,761.7465515124496,1.004552042540693,780.3616735588383,1.0039456774189677,751.4356039947944,1.001311420163216,2251.3859757031846,1.0013569311640595,1722.8178494284143,0,500,0.4900943366624071,0.054,2219.710088253021
93,1.7025119706368668,1.6401482362982842,1.6272678670735594,0.0873662581430338,1.4875958917343937,1.826634186372926,1,0.539323631612558,0.5317842081709381,0.5308859285606847,0.0207133860152084,0.4908074942647658,0.5733108202272871,1,-0.7373427672255479,-0.6376352864188125,-0.6154831184868559,0.1418820748821695,-0.9151473432191104,-0.3870212394843028,1,0.2000721363481841,0.2094485612189953,0.2075557182342634,0.0175879153861818,0.1787465379686097,0.2466809657827041,1,0.9655480041531662,0.6205485825594174,0.5859904443099669,0.3823838708483035,0.0001328490110044,1.2973794244520689,1,0.6086516526319498,0.4448946798308748,0.4101312336919249,0.2700243170366624,0.0009902232538856,0.9367171855211645,1,0.0585705175491949,0.0958135091119836,0.0961067135401116,0.0531147360233352,0.0002731061291287,0.1841290637231467,1,1.0018172325836407,1225.1055875687018,1.0039084931191928,1291.8566542483932,1.003488628219798,1117.222819197752,1.0013815538636657,2161.490197716364,1.004084844118914,935.0473562836283,1.001367249578598,2195.660773343393,1.0031031045059409,1175.7483471395751,0,500,0.8001776101684822,0.326,2174.682892799377
94,1.448019029949984,1.5041855567946645,1.4992579031906368,0.0844808017533187,1.354298920827779,1.6878336486146823,1,0.4719326225180956,0.4817265003141854,0.481781574357763,0.0372204003686659,0.4122523805304091,0.5596218769454245,1,-1.61752158914888,-1.6838400134346982,-1.648521808591241,0.2359166307454626,-2.1372620341911355,-1.2610884462761065,1,0.2806932780479212,0.2704866819521099,0.269575787598167,0.0255340693464094,0.2207622761005069,0.3208041291599197,1,0.1646201012914796,0.5032251456374828,0.48916411132554,0.2841556548829392,0.0013606542123027,1.0040755743006724,1,1.2085572713639607,0.6008708902290065,0.5978595436939234,0.3091263981300747,0.0541206307862743,1.163055112879677,0,0.1229982171014358,0.149675016952257,0.1520564978501233,0.0508734235670483,0.0436767739622996,0.2468716819505625,1,1.007101475837766,1187.7342040876963,1.003113976857659,1153.734374098177,1.0043781815011474,1105.858148877657,1.0046395665244627,1105.1602990526076,1.0047784519433058,1051.7432302158757,1.0007204339783229,1800.0613447548922,1.00481421336135,1030.5088101187598,0,500,0.6446698216100966,0.09,2356.1478497982025
95,2.320886741577888,2.2282105122691918,2.21633019079155,0.17550391494643,1.934596187167075,2.5686750597566976,1,0.5474138665718736,0.5593127964515704,0.559060601957641,0.0188083904934495,0.5231332836149123,0.5972282722517892,1,0.1440357882473861,0.108441999793859,0.096454961485676,0.1020029827113344,-0.0828739775017206,0.3061668176202021,1,0.3486018498148283,0.3909479147439647,0.3888988727529362,0.0271287165533275,0.3421971033033525,0.4482136233884518,1,0.8094538667637383,0.8229888513544119,0.8447083947623945,0.4271839857128299,0.0003033521998832,1.4862170073207863,1,0.1298784266077444,0.5657252396973496,0.517382503383907,0.3493342375567429,0.0065661930544921,1.2265036952008164,1,0.0603664085306009,0.2089108803727661,0.2060601887329736,0.0638123645934486,0.0842318700566041,0.3355304088714469,0,1.002243913905786,790.7700063257669,1.0017152114445844,1756.858441937703,1.002963566233276,1197.702171980885,1.0015310602343808,1763.5090093564302,1.002154389781993,732.9812875533274,1.0039774091260874,1702.3361787033296,1.001759108962899,1510.1348597464876,0,500,1.39374740400541,0.578,2437.113874912262
96,0.8407561592279476,0.8167155388078597,0.8088933169311047,0.0468496193094261,0.732833698412444,0.9093095204038038,1,0.4344770297142323,0.390518834400424,0.3906859710600354,0.0233698538669839,0.3443196698060624,0.4361975150684328,1,0.2520552677077328,0.3821918903599327,0.3778051220670372,0.2057739640180915,0.0080549231863122,0.8074566790122849,1,0.3347429501551676,0.3392223372444121,0.339348048128197,0.006506860770506,0.3266380154817361,0.3522376244472122,1,2.1793825206890904,1.3478528588377858,1.25853026738186,0.8533801610461292,0.0007624394881898,2.912611727256601,1,0.3662327626262182,0.2121562579391648,0.1979393329413424,0.1244823479361531,0.0037544919676289,0.4452481031541259,1,0.1186544580232155,0.1257006097921703,0.1262370621394347,0.012883998168432,0.1010405049010304,0.1504972437478609,1,1.0037175493759067,1762.4266999911304,1.0020512950079257,2089.0169375003056,1.0023389396589617,2032.1696910202863,1.0022117087672988,2472.856098170301,1.000884449086609,1350.9287865773942,1.0010497390855313,2586.0899546698524,1.0030879053943444,2459.3884087580664,0,500,0.4864936551586063,0.466,2406.899333000183
97,1.4740999048414394,1.492822913101423,1.4938460119442238,0.0671128885811427,1.354122231742331,1.6152621896779191,1,0.4301140301732633,0.393417027873397,0.3944548528221819,0.0242109536638134,0.3452099765054367,0.438761747312227,1,2.3141644508991828,2.409614038044473,2.387194018324583,0.1854648367289236,2.0612042642008874,2.771081117687334,1,0.1923858837374349,0.1829394549123863,0.1814833540180142,0.0169385115747123,0.1528178022950573,0.216603163427725,1,0.37940272083059,0.3195137958054474,0.2856840402525304,0.2239784241432554,0.0001444972261388,0.7412126982278606,1,0.987382351329444,0.5528996147595787,0.5271193865744799,0.3117322760111353,0.0128596403402587,1.1052877673896553,1,0.0704334170501778,0.0800981662922041,0.079580188424644,0.0473138914105326,0.000209624892951,0.1577411222980012,1,1.0024268132490408,1539.8871802373078,1.0038927313347226,1566.178793168726,1.003071006013483,1246.871025860304,1.000514144570673,1621.6503747266215,1.004643449490837,1128.257264952436,1.0005455151235232,2207.465902608812,1.0009493496923227,906.9891277999752,0,500,0.5231660115177464,0.932,3467.707819223404
98,2.030962815196626,2.002608379346841,2.008673437475545,0.1813081018503333,1.6438368016488465,2.409927595815272,1,0.508261185906223,0.5243527799135995,0.5244010279947369,0.0197665835193264,0.4860037655941623,0.5632651163732391,1,0.3366103123154778,0.3815941207110643,0.3742171376983598,0.1829855732828008,0.0329622172957532,0.7400710548685647,1,0.4062819269549411,0.3828848131932796,0.3810756792213471,0.0159577143068738,0.3555509289835604,0.4155350928618156,1,2.572186827148246,2.2547518907279613,2.2905562881044883,0.577204378988003,1.1322336187863504,3.523820111874024,1,1.0301419672077363,0.7578663069978491,0.7556435429020705,0.4020931714943963,0.0572425483448467,1.4557943167449507,1,0.0997749665188656,0.0640644671795187,0.0565231839302861,0.0424981405525701,9.282637291528716e-05,0.1467773624227742,1,1.0031748638716922,737.7316561752052,1.0010158175398634,1432.2432818780348,1.0019887246635402,1116.281784027497,1.0014032362920244,1142.2775282565174,1.003482370167564,723.0889547979278,1.0002341718547347,1717.220612035195,1.0055682908588617,1301.0835788691352,0,500,0.9861567787631688,0.574,2306.9110810756683
99,1.3901181365229318,1.439892388674039,1.435543944798214,0.116626011937628,1.211777131489106,1.671130546086967,1,0.4097971026054661,0.4190756252687436,0.4214774192837145,0.0420431983220829,0.3333796726785047,0.499613578383299,1,-2.4306180558169004,-2.507669657305841,-2.5083004909524984,0.5799585794115247,-3.7581869128474352,-1.466319366679908,1,0.4723690784663077,0.4657976379371053,0.4653824542802327,0.012145766475551,0.442818667983671,0.4902423557356539,1,2.951714685239958,2.471230949604617,2.465274002044503,0.5689712495804938,1.3229868721399145,3.566713466810292,1,0.9682004421481892,0.5794903745540655,0.5813116982230162,0.2855003217438847,0.0334281341683943,1.0650527486033206,1,0.112392090651041,0.0830274597101501,0.08279299846988,0.0206881083396238,0.0425736763863581,0.1242850873168276,1,1.0032495536546495,953.0093781590256,1.0012161845100402,968.9307727073028,1.003476974169815,891.8043033702646,1.000018620050702,1159.5839840834667,1.0044707776751236,948.6868357469014,1.0027038663907937,1863.137104380632,1.0003857805231302,1856.348032222222,0,500,0.7281051777754296,0.16,1427.1767365932465
